-0.029876,-0.2166,-0.27717,-0.14716,-0.99891,-0.17743,-0.25025
-0.10093,-0.16311,-0.23235,-0.24675,-0.83532,-0.35199,-0.3967
-0.039379,-0.045468,-0.16801,-0.50285,-1.0988,-0.32207,-0.56569
0.10787,0.1552,-0.40317,0.13191,-1.1465,-0.61006,-0.17351
-0.072207,-0.49325,-0.15217,-0.24203,-1.0425,-0.48486,-0.60168
-0.1428,-0.058931,-0.397,-0.022101,-0.60669,-0.35589,-0.4065
-0.0093031,0.037287,-0.37786,-0.20993,-0.68023,0.13843,-0.38268
-0.82124,-0.6357,-0.20625,-0.037283,-0.853,-0.23323,-0.20158
-0.24145,-0.30318,-0.15767,-0.091503,-0.94438,-0.16887,-0.04888
0.034053,-0.036531,0.015278,0.036571,-1.238,-0.25123,-0.701
-0.34664,-0.062752,0.21515,0.26053,-0.4119,-0.34389,0.071539
-0.43147,-0.0078474,-0.12308,-0.35731,-1.0818,-0.55898,-0.76361
-0.090217,-0.24689,-0.12203,-0.17168,-0.98741,-0.33323,-0.26935
-0.12165,-0.15413,-0.21362,-0.32636,-0.91139,-0.32149,-0.38889
0.24377,-0.11167,-0.26139,-0.024409,-0.50564,-0.93956,-0.98501
0.12559,-0.2518,0.0036759,0.03893,-0.57143,-0.262,-0.30995
0.1222,-0.011743,-0.0066498,0.025108,-0.52144,-0.07947,-0.097718
0.015741,-0.055535,-0.10858,-0.29946,-0.91985,-0.39946,-0.77423
-0.2717,-0.17873,-0.32931,-0.11432,-0.91045,-0.38352,-0.62756
0.066223,-0.14256,-0.19055,-0.27635,-0.66281,-0.42249,-0.39587
-0.15973,-0.514,-0.22312,-0.47183,-1.3605,-0.55382,-0.35386
0.0080158,-0.14786,-0.12562,-0.041725,-0.96854,-0.33323,-1.0587
-0.051866,-0.1138,-0.29752,-0.080994,-0.69886,-0.22004,-0.19294
-0.14905,-0.16568,-0.20787,-0.22993,-0.69007,-0.17514,-0.25769
0.16678,-0.058624,-0.032924,-0.97465,-0.86379,-0.82042,-0.26422
0.18533,-0.26197,-0.055404,-0.035559,-1.3591,-0.065434,-0.51863
-0.088993,-0.039165,-0.36334,-0.17004,-1.0592,-0.14887,-0.34154
-0.47547,-0.33957,-0.39239,-0.49117,-0.87674,-0.55217,-0.69953
-0.24148,-0.062245,-0.23068,-0.14387,-0.72285,-0.22197,-0.55586
-0.21308,-0.2775,-0.32069,-0.24388,-0.87734,-0.29942,-0.26609
0.042796,-0.39983,0.051063,-0.035205,-0.82856,-0.085382,-0.20516
-0.047696,-0.094664,-0.11805,-0.055167,-0.64111,-0.35866,-0.19628
-0.24908,-0.056019,0.051782,-0.074792,-0.21848,-0.38928,-0.37091
0.01938,0.00050193,-0.56396,0.038078,-1.1614,-0.16939,-0.30027
0.13852,-0.010224,-0.19105,-0.12374,-1.0584,-0.52994,-0.49738
-0.088313,-0.40498,-0.28884,-0.14844,-1.2079,-0.30703,-0.40403
-0.029818,-0.24553,-0.19335,0.029012,-0.9731,-0.12265,-0.47515
0.12985,-0.25734,-0.23458,0.044071,-0.76458,-0.022018,-0.20917
-0.076002,-0.088861,-0.21123,-0.23008,-0.87514,-0.42093,-0.46029
-0.032032,0.0058541,-0.19209,-0.18431,-0.99808,-0.23203,-0.81921
0.15583,-0.031639,-0.29002,0.04719,-0.88303,-0.2817,-0.20898
0.15661,-0.14732,-0.043376,-0.082147,-0.094724,-0.33507,-0.16722
-0.16046,0.049951,-0.36266,0.014898,-0.53001,-0.23025,-0.26742
-0.28164,-0.31515,-0.024832,0.012419,-0.67615,-0.57343,-0.69761
0.018816,-0.039528,0.050713,-0.15105,-0.59272,-0.55884,-0.10035
-0.16955,-0.096598,-0.186,-0.2003,-1.2379,-0.49354,-0.30241
-0.64069,0.0063918,-0.3653,0.018085,-0.56015,-0.12695,-0.32424
0.019845,-0.024468,-0.081743,-0.13885,-0.9076,-0.21837,-0.27689
-0.73414,-0.27453,-0.2369,-0.42955,-0.86978,-0.1654,-0.11992
0.098051,0.074027,0.10064,0.071681,-0.26022,-0.23842,0.046002
-0.30635,-0.0093411,-0.17503,-0.29468,-1.0034,-0.51075,-0.50307
-0.059487,-0.20865,-0.093325,-0.14062,-1.1855,-0.23064,-0.27717
-0.044306,-0.20533,-0.12039,-0.09585,-0.71254,-0.21207,-0.40386
-0.18333,-0.18702,-0.12206,-0.098203,-1.0712,-0.17185,-0.14375
0.2508,-0.23362,-0.040346,0.2369,-0.41006,0.035642,-0.1971
0.052626,-0.37884,-0.19049,0.13212,-0.35124,-0.1931,-0.24433
0.11881,-0.17902,-0.10432,-0.036601,-0.71574,-0.085909,-0.048164
-0.14791,-0.20034,-0.25887,-0.23209,-0.94748,-0.36962,-0.29303
-0.37016,-0.33238,-0.41413,-0.14802,-1.1234,-0.32724,-0.24663
-0.1583,-0.15613,-0.28883,-0.16355,-0.83783,-0.25336,-0.31926
-0.021777,-0.30173,-0.38404,-0.040804,-0.78094,-0.25477,-0.26725
0.13788,-0.083899,-0.066603,-0.21917,-1.1352,-0.075651,-0.16917
0.084356,0.004279,-0.21217,-0.21952,-1.1536,-0.18748,-0.31808
-0.18264,-0.5446,-0.074161,-0.060537,-0.84002,-0.90069,-0.34179
0.14817,0.14646,-0.07315,-0.079457,-0.65459,-0.2082,-1.0241
-0.88386,-0.22789,-0.076355,0.052184,-0.73909,-0.20967,-0.22118
0.31758,-0.11083,-0.21821,-0.05434,-0.89346,-0.30788,-0.24737
0.11947,-0.21762,0.08519,-0.51419,-0.51554,-0.24379,0.03579
0.11257,-0.54172,-0.070298,-0.0071583,-0.53584,-0.23402,-0.096503
0.14869,-0.059969,-0.066654,-0.016527,-0.67299,-0.18172,-0.020618
-0.0026282,-0.12011,-0.11723,-0.22164,-1.0638,-0.64219,-0.4739
0.14311,0.23797,-0.18696,-0.055708,-0.81617,0.14066,-0.14057
-0.52248,-0.32283,-0.43873,-0.41556,-0.8438,-0.49387,-0.62828
-0.0044249,-0.0437,-0.13916,-0.2385,-0.60692,-0.31709,-0.57415
-0.090996,-0.076918,-0.39691,-0.20896,-0.78091,-0.1125,-0.30147
-0.20425,0.035756,-0.18666,-0.15038,-1.0168,-0.37269,-0.43045
-0.085658,-0.20384,-0.19757,-0.073801,-1.2444,-0.28026,-0.18306
-0.024177,-0.22726,-0.31847,-0.32918,-0.53146,-0.1572,-0.11166
0.090573,-0.21241,-0.26556,0.063624,-0.95721,-0.32005,-0.31384
-0.21219,-0.13709,-0.24084,-0.21455,-1.0353,-0.30608,-0.34342
-0.33629,-0.46688,0.067383,0.0036742,-0.52923,-0.045623,0.043121
-0.79797,-0.1738,-0.23995,0.018324,-0.93145,-0.12087,-0.38505
0.069701,0.045524,0.0096939,0.071194,0.57968,-0.5711,-0.9023
0.12638,-0.1383,-0.1704,-0.040602,-0.96991,-0.23336,-0.24415
-0.35061,-0.22773,-0.1219,-0.12067,-0.73078,-0.62748,-0.39855
0.030841,0.041696,-0.20713,-0.045789,-0.68397,-0.34037,-0.78973
0.10734,-0.30671,0.0010691,-0.29246,-0.34677,-0.24279,-0.88677
-0.027075,0.0064925,-0.13995,-0.055955,-0.72694,-0.27745,-0.5108
-0.012548,-0.28448,-0.036565,-0.061768,-1.2266,-0.42319,-0.96742
-0.70243,-0.10533,-0.013114,0.020083,-1.144,-0.29866,-0.7951
0.045396,0.018901,-0.30293,0.03593,-0.48244,-0.30614,-0.14205
-0.055655,-0.056425,-0.20308,0.010645,-0.70784,-0.14406,-0.19628
0.31721,-0.063996,-0.20064,0.052196,-0.63425,-0.092506,-0.27603
0.04232,0.050203,-0.40677,-0.26839,-0.80733,-0.0034512,-0.20914
0.14239,-0.48424,0.032935,-0.4473,-0.65971,-0.15713,0.044093
-0.29903,-0.0049757,-0.29162,-0.18511,-0.60423,-0.59474,-0.50924
0.011201,-0.61704,-0.068007,-0.012136,-0.59985,-0.30441,-0.3953
0.074049,0.033068,-0.13612,-0.10701,-0.62962,-0.39239,-0.45059
-0.76431,-0.25633,0.041766,0.17753,-0.24878,-0.097696,0.12342
-0.20022,-0.072976,-0.19033,-0.22795,-0.074812,-0.31801,-0.3367
-0.22412,-0.072578,-0.17539,-0.14636,-0.91907,-0.27555,-0.32843
-0.096396,0.048987,-0.061822,-0.09501,-1.1983,-0.38119,-0.45732
0.066419,0.040925,-0.10866,-0.092048,-0.2489,-0.12305,-0.19482
-0.020642,-0.085571,-0.40642,-0.2234,-0.81083,-0.065809,-0.3808
0.075027,-0.10625,-0.011959,-0.22989,-0.74648,-0.22861,-0.043564
0.021983,-0.13643,-0.032564,0.03472,-0.43877,-0.087397,-0.1485
0.20441,0.12065,-0.11159,-0.15506,-0.89636,0.016276,-0.3151
-0.012512,-0.01558,-0.18976,-0.094277,-0.95472,-0.23196,-0.85967
-0.4048,-0.31468,-0.3965,-0.41161,-0.90882,-0.57878,-0.60358
-0.085221,-0.028697,-0.158,-0.10227,-0.86547,-0.52332,-0.24875
-0.32853,-0.030479,-0.41798,-0.25776,-1.0455,-0.33871,-0.26345
0.092788,-0.11498,-0.10367,-0.10174,-1.5209,-0.41349,-0.3629
0.028206,0.029656,-0.33299,-0.21385,-0.83256,-0.41585,-0.41455
-0.18994,-0.16586,-0.22951,-0.2552,-0.71733,-0.30401,-0.29204
-0.2851,-0.018809,-0.11153,-0.13524,-1.1019,-0.89661,-0.6
-0.17703,-0.064744,-0.07535,-0.019203,-0.89986,-0.23098,-0.1887
0.054487,0.016583,-0.44229,-0.25307,-1.0958,-0.3639,-0.27985
0.20947,0.24086,0.003972,0.075795,-0.73932,0.12067,-0.15993
-0.072269,-0.014857,-0.15822,-0.11404,-1.0226,-0.80785,-0.343
-0.16741,-0.45814,-0.19148,-0.11145,-0.80581,-0.42357,-0.33103
-0.069354,-0.090497,-0.22695,-0.010288,-1.1708,-0.15754,-0.15238
-0.19719,0.048935,-0.16205,-0.045398,-0.62532,-0.16885,-0.20359
-0.36791,0.021421,-0.49863,-0.12882,-0.76317,-0.40681,-0.087673
-0.11419,-0.087098,-0.20091,0.076787,-0.64898,-0.3038,0.066374
0.003505,-0.065384,-0.14942,-0.16327,-1.1187,-0.38766,-0.56227
0.038228,-0.16787,-0.19161,-0.43164,-1.1673,-0.40773,-0.4598
0.30976,0.10315,-0.046518,0.096327,-0.67596,-0.49025,0.00064855
-0.46036,0.082052,-0.5065,-0.36258,-0.54378,-0.74008,0.015081
0.030417,-0.11692,-0.046139,-0.02634,-0.94774,-0.38859,-0.2384
-0.13686,-0.17368,-0.18514,-0.20627,-1.2968,-0.23525,-0.43185
-0.20042,-0.15749,-0.262,-0.27988,-0.89777,-0.33397,-0.28224
-0.029398,-0.016101,-0.10814,-0.30847,-0.98956,-0.36478,-0.35695
0.2803,-0.14597,-0.28828,0.099986,-0.15949,-0.20132,-0.066952
-0.34643,-0.17676,0.012552,0.0067629,-1.303,-0.69332,-1.1364
-0.323,-0.046768,-0.29732,-0.10324,-0.93283,-0.54687,-0.24266
-0.31954,-0.22587,-0.091732,-0.033218,-1.0677,-0.26895,-0.25091
0.028187,-0.33855,-0.044248,-0.95106,-0.94334,-0.5193,-0.46709
-0.0075993,-0.091427,-0.19378,-0.070062,-0.98661,-0.089284,-0.29172
-0.25942,-0.33142,-0.2176,-0.16471,-0.87106,-0.13216,-0.27352
0.012398,-0.029802,-0.24462,-0.34542,-1.09,-0.46604,-0.45879
-0.11076,-0.099458,-0.28889,-0.22453,-0.8522,-0.36814,-0.44209
-0.072791,-0.043206,-0.096174,-0.19955,-0.93335,-0.43285,-0.59285
0.13656,-0.032963,-0.17798,-0.086991,-1.1657,-0.39026,-0.29951
-0.04985,-0.2469,-0.20063,-0.21301,-0.97072,-0.2579,-0.4536
-0.23765,-0.26392,0.041364,0.39484,-0.38526,-0.5023,0.08428
0.14899,-0.072132,-0.017031,-0.010536,-0.54947,-0.12212,-0.23775
0.13942,0.16499,-0.14341,-0.15992,-0.99024,-0.18667,-0.15961
0.020945,-0.044191,-0.25236,-0.0070747,-0.62798,-0.1559,-0.17124
-0.0096374,-0.18005,-0.22065,0.034119,-0.50561,-0.29717,-0.35193
-0.34302,0.097428,-0.26171,-0.12062,-0.83227,-0.20311,-0.76791
-0.74659,0.012913,-0.38803,-0.014957,-1.0521,-0.17176,-0.22661
0.0085349,0.055704,-0.18445,-0.18033,-0.60683,-0.8495,-0.20457
-0.11916,0.087288,-0.099852,-0.15564,-0.6739,-0.63497,-0.35573
0.022052,-0.047345,-0.13723,-0.12005,-1.5481,-0.598,-0.2974
-0.070595,-0.023535,-0.18492,-0.17382,-1.1324,-0.54268,-0.53693
-0.041418,-0.03347,-0.10107,-0.27925,-0.99286,-0.6026,-0.75632
-0.35048,-0.26803,-0.27826,-0.43181,-1.2599,-0.55135,-0.53333
0.17811,0.079712,-0.67479,0.0018879,-0.4671,-0.4231,-0.28882
0.05124,0.046925,-0.14497,-0.17277,-0.83598,-0.3604,-0.30867
-0.35504,-0.15666,-0.15056,0.0082462,-0.6939,-0.20981,-0.097689
0.15419,0.081584,-0.049216,0.092694,-0.44331,-0.37397,-0.5954
0.11011,0.25863,0.081773,0.0086485,0.46349,-0.16106,-0.47948
-0.013224,-0.14689,-0.036592,-0.16818,-1.0681,-0.23215,-0.23308
-0.00022788,0.089397,-0.10635,-0.13137,-0.81509,-0.22577,-0.32836
-0.045992,0.10206,-0.025835,-0.15625,-0.73534,-0.43304,-0.37899
-0.32045,-0.094625,-0.25509,-0.16691,-1.1294,-0.49746,-0.40054
0.21421,-0.049562,-0.094747,-0.17726,-0.98558,-0.20114,-0.07121
0.24682,-0.11003,-0.64671,0.059856,-0.58369,-0.39454,-0.22984
-0.39515,-0.19319,-0.82854,-0.24178,-0.63976,-0.43877,-0.31115
0.12761,-0.077452,-0.19823,-0.17022,-0.76216,-0.14049,-0.24223
-0.01485,-0.15494,-0.15208,-0.10251,-0.94593,-0.15965,-0.24263
-0.078156,-0.026487,-0.22596,-0.16687,-1.2185,-0.15861,-0.19199
0.072799,0.13818,-0.034863,-0.096756,-0.83625,0.095255,-0.80275
0.054179,-0.034258,-0.12475,-0.020425,-0.82484,-0.38192,-0.32851
0.077092,-0.21026,-0.076452,0.23314,-0.36508,-0.026978,-0.032028
-0.16666,-0.020032,-0.17818,-0.057411,-1.0698,-0.96692,-0.33045
-0.059914,-0.2229,-0.34601,-0.26295,-0.94685,-0.35797,-0.93564
-0.10392,-0.020713,-0.053671,-0.025313,-0.74344,-0.26415,-0.3206
-0.053213,-0.035507,-0.16015,-0.12915,-1.2909,-0.33011,-0.22629
-0.0052496,-0.22775,-0.28944,0.00023405,-0.42387,-0.14033,-0.10467
0.037181,-0.1493,-0.57621,-0.18911,-0.94823,-0.40007,-0.27276
-0.12544,-0.085768,-0.25321,-0.28513,-0.70159,-0.25753,-0.49016
0.043494,0.18474,-0.48734,-0.19394,-0.92235,-0.15448,-0.19528
-0.17225,-0.27787,-0.18119,-0.10631,-0.80091,-0.48381,-0.30622
-0.11629,-0.073851,-0.18592,-0.11627,-0.99064,-0.30735,-0.38911
-0.056369,-0.066593,-0.050539,0.066231,-0.41358,0.073933,-0.081286
-0.17745,-0.13962,-0.37841,-0.25934,-1.0259,-0.40752,-0.32632
-0.054352,0.035916,-0.080176,-0.046971,-1.3696,-0.14539,-0.14813
-0.57354,-0.081488,-0.2124,-0.097328,-1.2684,-0.29066,-0.2251
0.0062842,-0.5158,0.041415,-0.10278,-0.17494,-0.032739,-0.22419
-0.78121,-0.13019,-0.3665,0.035171,-0.95165,-0.25719,-0.12627
0.22988,0.018968,-0.42759,-0.061331,-0.50021,-0.44124,-0.1331
-0.30687,0.079566,-0.25524,-0.11424,-0.80517,-0.35916,-1.2493
-0.13956,-0.13613,-0.15965,-0.14638,-1.0592,-0.22649,-0.64923
0.24793,-0.010176,-0.13474,-0.30753,-0.10485,-0.43953,0.0099656
-0.32211,-0.28373,-0.34808,-0.55958,-1.2506,-0.43149,-0.423
-0.080312,-0.28269,0.12294,0.14529,-0.70214,-0.57301,0.11512
-0.065508,0.015842,-0.15933,-0.17373,0.029156,-0.1453,-0.10014
0.095136,-0.42435,-0.016521,-0.076384,-1.0124,-0.93324,-0.06944
-0.0083604,-0.33194,-0.20757,-0.35726,-0.92319,-0.17032,-0.38356
0.057137,0.10875,-0.069259,-0.11713,-1.1273,-0.30151,-0.28131
-0.36456,-0.43106,-0.19467,0.16046,-0.53676,0.0072886,0.049837
-0.42617,0.0096684,-0.50241,0.0243,-0.97291,-0.37597,-0.14271
0.06191,-0.050117,-0.27137,-0.57223,-0.84325,-0.19403,-0.42623
0.21402,-0.18946,-0.16107,-0.044833,-0.72935,-0.12503,-0.13191
-0.88358,-0.36234,-0.80136,-0.097663,-0.69879,-0.37671,-0.064919
-0.86059,-0.85821,-0.88146,-0.29688,-0.49274,-0.52472,-0.41486
0.1091,-0.046064,-0.11116,-0.24234,-1.0813,-0.23586,-0.53534
-0.36854,-0.11971,-0.047241,0.10604,-0.70647,0.01385,-0.02089
0.03818,0.077726,-0.38487,-0.49914,-0.2222,-0.02196,-0.28818
-0.18987,-0.11125,-0.23723,0.012185,-0.93056,-1.2202,-0.12576
0.014071,-0.053649,-0.10007,-0.32418,-0.80047,-0.44737,-0.35208
-0.067905,-0.31431,-0.19836,-0.25951,-1.1257,-0.49833,-0.28532
0.067608,-0.28202,-0.28277,-0.11111,-0.86051,-0.53121,-0.18228
-0.12313,-0.064761,-0.24588,-0.12969,-0.81691,-0.25333,-0.27497
-0.043315,-0.19026,-0.23056,-0.23383,-0.95828,-0.2923,-0.27331
-0.017145,-0.04592,-0.15588,-0.22645,-0.98871,-0.3242,-0.32606
-0.14315,-0.29652,-0.057105,-0.049305,0.32875,-0.43251,-0.52205
-0.20998,-0.24067,-0.24956,-0.20039,-0.93889,-0.30943,-0.40832
-0.12888,-0.12735,-0.25687,-0.10021,-1.186,-0.19902,-0.24724
0.0050558,-0.29016,-0.2944,-0.064418,-0.95736,-0.71434,-0.27991
-0.17716,-0.016513,-0.45716,-0.12696,-0.96022,-0.45979,-0.36397
-1.2624,-0.11826,-0.22245,0.11881,-0.71054,-0.46103,-0.20327
-0.049538,-0.15895,-0.16828,-0.14582,-1.1098,-0.18229,-0.29622
-0.043737,-0.25074,-0.16809,-0.20382,-0.8281,-0.40459,-0.50941
-0.13324,-0.039098,-0.23327,0.030278,-0.5832,-0.51281,-0.62789
-0.0029294,-0.098455,-0.46897,-0.09923,-1.084,-0.90818,-0.25744
-0.18926,-0.57825,-0.40231,0.029624,-0.83305,-0.040369,-0.064778
-0.11081,-0.081109,-0.007209,-0.10417,-0.69427,-0.6117,-0.31853
-0.13518,-0.33886,0.24055,0.2438,-0.16263,-0.73563,-0.032541
-0.29794,-0.3362,0.10333,-0.13712,-0.29539,-0.16048,-0.31423
-0.38714,0.030344,-0.161,-0.017071,-1.0741,-0.34768,-1.2938
-0.066152,0.028443,-0.19505,-0.1361,-1.0873,-0.1916,-0.66618
-0.053768,-0.10099,-0.11376,-0.32173,-1.281,-0.38196,-0.52177
0.026628,-0.085696,-0.21749,-0.24754,-0.62532,-0.80026,-0.31428
-0.69958,-0.25903,-0.30515,-0.46129,-0.90432,-0.30398,-0.27979
-0.14084,-0.053438,-0.27922,-0.075434,-1.2403,-0.26053,-0.19557
0.16859,-0.090904,-0.3534,-0.17324,-1.1091,-0.2064,-0.27169
-0.32642,-0.43472,0.0034158,-0.10989,-0.55072,-0.094735,-0.13749
0.14539,0.020876,-0.23423,-0.045429,-0.53942,-0.72259,-0.25111
-0.35112,-0.36828,-0.14827,0.028512,-0.57017,-0.63013,-0.09244
0.02585,0.021168,-0.25975,-0.19546,-0.90605,-0.39351,-0.38314
-0.21731,-0.089051,-0.14542,-0.17312,-1.61,-0.27207,-0.32516
0.068879,-0.012816,-0.16413,-0.15504,-0.92792,-0.2435,-0.78756
0.12965,-0.047826,-0.12941,-0.045258,-0.84112,-0.11753,-0.90704
-0.19464,-0.24011,0.090949,-0.22862,-0.82906,-0.052282,-0.26246
-0.0997,-0.15839,-0.11046,-0.16254,-1.2831,-0.23933,-0.68828
-0.31446,-0.4222,-0.41449,-0.19574,-1.1005,-0.38074,-0.28849
0.24017,0.047007,-0.14979,-0.054237,-0.83504,-0.48691,0.13244
-0.49664,-0.097072,-0.12074,-0.047087,-1.047,-0.5216,-0.44265
0.068509,-0.08896,-0.24482,-0.16622,-1.1076,-0.16613,-0.71381
-0.057407,-0.28749,-0.27463,-0.0050774,-0.07494,-0.22008,-0.69937
0.12943,0.025407,-0.20041,-0.050083,-1.0897,-0.31794,-0.20275
-0.27802,-0.32253,-0.60688,-0.58756,-1.1556,-0.51021,-0.78156
-0.0037162,-0.15196,-0.32205,-0.16115,-1.0074,-0.51868,-0.62918
0.2275,-0.3255,-0.5819,0.059787,-0.64028,-0.076784,-0.15056
-0.40563,0.050589,-0.081928,-0.24178,-0.91117,-0.65992,-0.40791
-0.36729,-0.050204,-0.14837,-0.049494,-0.97074,-0.36769,-1.1416
-0.084097,-0.10823,-0.096965,-0.1179,0.60326,-0.42816,-0.49897
-0.19587,-0.073941,-0.20854,-0.12021,-0.99196,-0.32417,-0.32058
0.12423,0.071632,-0.20717,-0.17599,-0.98796,-0.48633,-0.24892
0.054358,-0.088444,-0.095415,-0.11209,-0.33049,-0.27247,-0.094236
0.13067,-0.01399,-0.24308,0.0014404,-1.0914,-0.42613,-0.34547
0.029817,-0.10816,-0.31883,0.015193,-1.1367,-1.0507,-1.3763
0.15202,-0.39452,-0.089244,0.04536,-0.49646,-0.14795,-0.40438
-0.53089,0.074211,-0.057244,-0.040765,-0.6883,-0.2701,0.020345
0.061099,-0.20492,-0.080059,0.11491,-0.96297,-0.23592,-0.0038734
0.055079,-0.11877,-0.21988,-0.18575,-1.1709,-0.66896,-1.0532
-0.31034,-0.12068,-0.25702,-0.084881,-0.99311,-0.28344,-0.48965
0.23382,-0.28806,-0.2656,-0.20261,-0.86821,-0.39353,-0.22111
0.20707,-0.048706,-0.21348,-0.060438,-0.49534,-0.30607,-0.64475
-0.15308,0.097355,-0.16494,-0.21198,-0.92378,-0.28554,-0.57231
-0.2906,-0.08158,-0.31537,-0.17106,-1.3315,-0.379,-0.33483
-0.38276,0.012399,0.083582,-0.65237,-0.70107,-0.23679,0.10114
-0.052886,-0.021036,-0.042152,-0.056189,-0.85073,-0.18584,-0.19428
-0.10078,-0.28961,-0.20662,-0.096902,-0.92099,-0.35494,-0.41608
-0.053568,-0.21223,-0.4151,-0.24368,-0.84262,-0.37945,-0.22589
0.1521,-0.31372,-0.2788,-0.40924,-0.74709,0.0024982,-0.40511
-0.18654,-0.14694,-0.29353,-0.19866,-0.98334,-0.37573,-0.36045
0.25891,0.14523,-0.45692,0.036629,-0.78499,-0.078336,-0.069028
0.081479,-0.003716,-0.18784,-0.077005,-1.3334,-0.42992,-0.82075
-0.31508,-0.08965,-0.4423,0.0059099,-0.80194,-0.70674,-0.51897
-0.010172,-0.091377,-0.022731,-0.15443,-0.71216,-0.21428,-0.68191
-0.085688,-0.05263,-0.21703,-0.2154,-1.0766,-0.19926,-0.29545
0.076633,-0.023878,-0.22757,-0.13405,-0.86335,-0.046687,-0.51742
-0.051847,-0.063464,-0.064755,-0.13017,-1.3109,-0.2707,-0.35112
-0.15548,0.046296,-0.28361,-0.19345,-0.71782,-0.76234,-0.62021
-0.52683,-0.48507,-0.12875,-0.18529,0.072458,-0.48367,-0.39334
-0.21008,-0.30256,-0.25173,-0.11819,-0.74886,-0.4112,-0.13335
0.026925,0.003933,-0.048049,-0.13107,-1.3427,-0.29232,-0.71361
-0.00048803,-0.13051,-0.30919,-0.10538,-1.1987,-0.66389,-0.12921
-0.0088559,-0.19938,-0.19856,-0.21464,-0.90945,-0.32403,-0.3434
-0.296,-0.017756,-0.3574,-0.026946,-0.987,-0.086187,-0.15527
-0.12389,0.021282,-0.13074,-0.19849,-1.1628,-0.29512,-0.52054
0.06234,0.09767,-0.11326,-0.14076,-0.93304,-0.080437,-0.37405
-0.12144,-0.17243,-0.16369,-0.20339,-1.0652,-0.39139,-0.33979
-0.11728,-0.35776,-0.1572,-0.046598,0.64889,0.021644,-0.42664
0.0030402,-0.1025,-0.13041,-0.15105,-1.0185,-0.3632,-0.51276
0.0039043,0.0288,-0.1975,-0.37893,-0.76081,-0.27523,-0.68612
0.28442,-0.24379,-0.064841,0.048076,-0.60327,-0.18244,-0.38018
-0.34766,-0.039228,-0.12354,-0.12384,-0.58758,-0.15088,0.012694
0.028785,-0.077021,-0.062856,-0.085275,-0.41911,-0.57732,-0.10289
-0.071578,-0.15432,-0.15091,-0.2393,-1.25,-0.30064,-0.25212
0.18954,0.057152,-0.46689,-0.086813,-1.0623,-0.39435,-0.25652
0.039246,-0.063878,0.009659,-0.30321,-0.76662,-0.35124,-0.38872
-0.003219,0.018178,-0.0013412,-0.094092,-0.83054,-0.17149,-0.04711
0.057887,-0.08923,-0.18229,-0.086163,-0.93318,-0.46961,-0.34486
0.17798,0.092083,0.047559,-0.20447,-0.40295,-0.39109,-0.64635
-0.23709,-0.14665,-0.46294,-0.0033021,-0.74395,-0.13316,-0.33324
0.049275,0.0044932,-0.36236,-0.10128,-1.2607,-0.26511,-0.20695
0.17758,-0.16291,-0.27802,0.021624,-0.69118,0.093956,-0.21866
-0.054664,-0.11459,-0.22717,-0.077393,-0.71382,-0.24797,-0.56939
-0.28046,-0.49762,-0.038209,-0.11501,-0.29471,-0.61004,0.012474
0.064936,0.0096416,-0.13185,-0.18399,-0.88791,-0.60467,-0.40657
-0.2566,0.1179,-0.014893,-0.10022,0.78437,-0.73336,-0.35174
-0.12857,-0.22311,-0.1887,-0.41444,-0.88742,-0.48968,-0.47345
-0.15838,-0.38151,-0.075131,-0.13131,-0.82683,-0.52176,0.063805
-0.21452,-0.010419,0.11175,0.14836,0.37256,-0.081126,0.12736
0.18838,0.10775,-0.11326,-0.057187,-0.77912,-0.0042135,-0.33563
-0.072924,-0.51168,-0.059367,-0.30885,-1.1959,-0.43957,-0.51762
0.051801,-0.25861,-0.38013,-0.033238,-0.96079,-0.10948,-0.56184
0.097993,-0.38878,-0.19911,-0.36247,-0.90106,-0.22029,-0.26947
0.1015,-0.024966,-0.17222,-0.24664,-0.43415,0.0034051,-0.357
-0.08952,-0.061577,-0.33119,0.055458,-0.562,-0.58865,-0.20896
-0.38107,-0.2156,-0.26112,-0.071199,-0.73993,-0.35088,-0.6978
-0.042194,0.060742,-0.42776,-0.0079596,-0.86752,-0.40895,-0.24461
-0.14737,-0.20244,-0.24669,-0.26278,-0.76322,-0.42476,-0.36287
-0.048583,0.04672,-0.20213,-0.2433,-0.84501,-0.31741,-0.40135
-0.133,-0.29624,-0.020726,-0.24899,-0.73515,-0.29416,-0.46923
-0.12768,-0.13393,-0.22252,-0.19929,-0.94131,-0.27924,-0.33288
0.1365,-0.051635,-0.10917,-0.23833,-1.0214,-0.136,-0.17192
0.23918,-0.58868,0.010984,0.081346,-0.46999,-0.12072,-0.097921
-0.08267,0.033655,-0.28672,-0.13889,-1.0389,-0.23084,-0.37875
-0.16778,-0.19559,-0.17667,-0.10936,-0.82304,-0.33093,-0.27998
-0.0029063,-0.42734,-0.36465,-0.17045,-0.43246,-0.60645,-0.26507
-0.23009,-0.2333,-0.26669,-0.055816,-0.29675,-0.10423,-0.24955
-0.60857,-0.61748,-0.14102,-0.13297,-0.92719,-0.12716,-0.17086
0.11178,-0.39494,-0.12445,-0.13747,-1.1236,-0.066251,-0.5562
-0.10053,-0.20802,0.017316,0.0092879,-0.44029,-0.41561,-0.063637
-0.64034,-0.17383,-0.2634,-0.32526,-1.073,-0.39594,-0.38951
0.1643,0.12658,-0.31652,-0.12648,-0.73294,-0.21736,-0.40026
-0.27662,-0.0078459,-0.3631,-0.11854,-0.94512,-0.23124,-0.3693
-0.097689,-0.1193,-0.19012,0.0016159,-0.76321,-0.22286,-0.24682
0.35044,-0.51736,0.074235,0.0075447,-0.65832,-0.054539,-0.057176
-0.072819,-0.046531,-0.18036,-0.2068,-0.85247,-0.75561,-0.29396
0.022918,-0.11536,0.012383,0.14323,-0.26407,-0.022414,0.079033
-0.2263,-0.10315,0.04456,0.19565,-0.27376,-0.37472,0.078071
-0.054465,-0.27285,-0.023794,-0.38449,-0.88775,-0.087865,-0.60004
0.14965,-0.0064318,-0.24237,-0.020746,-0.40737,-0.052512,-0.86942
-0.14703,0.0048288,0.0058112,0.15219,-0.57419,-0.086687,0.092829
0.26799,-0.48986,-0.1453,-0.41137,-0.46341,-0.25728,-0.033992
0.12578,-0.20489,-0.41183,-0.59604,-0.48078,-0.16181,-0.64333
0.27607,-0.05751,-0.21404,-0.10249,-0.77719,0.053515,-0.12827
0.061334,-0.19118,0.076514,-0.028032,-0.36359,-0.39195,-0.047515
0.18522,0.098172,0.060885,-0.06213,-0.30733,-0.71317,-0.45616
-0.62446,-0.13179,-0.10685,0.10253,-0.40589,-0.040618,0.040894
0.0505,-0.21883,-0.11008,-0.073745,-0.38455,-0.46202,-0.16519
-0.46192,-0.40838,-0.39506,0.18209,-0.5312,-0.18971,0.040593
0.20256,0.061324,-0.037767,-0.06922,-0.61659,-0.15785,-0.11044
-0.32592,-0.22713,-0.13988,-0.20787,-0.46397,-0.2497,-0.44752
0.12177,-0.054997,-0.2043,-0.10935,-1.2788,-0.17406,-0.30674
-0.20414,-0.24926,0.062872,0.080265,-0.35909,-0.44403,0.047488
-0.040309,0.037261,-0.019256,-0.063866,-1.204,-0.16056,-0.38339
-0.13793,-0.25346,-0.1583,-0.53123,-0.27626,-0.53573,-0.94603
-0.11141,-0.0019123,-0.19522,-0.121,-0.9455,-0.023287,-0.49773
0.12155,-0.48047,-0.079063,-0.22581,-1.0359,-0.17324,-0.05843
0.0078787,-0.24406,-0.15494,-0.097887,-1.1219,-0.30199,-0.24216
-0.14747,0.0044845,-0.15268,-0.18009,-1.0214,-0.31739,-1.045
-0.32943,-0.15605,-0.12426,0.023045,-0.64729,-0.25725,-0.045702
0.22973,-0.12029,-0.33541,0.052963,-0.90367,-0.12157,-0.44441
-0.11242,-0.15814,-0.037762,-0.061241,-1.1712,-0.5801,-0.44582
0.089715,-0.11543,-0.073871,-0.20998,-0.84365,-0.25841,-0.32046
0.052371,-0.09646,-0.15738,-0.29195,-0.32178,-0.73957,-0.51606
-0.55145,-0.28067,-0.087119,0.098589,-0.68129,-0.34399,-0.033761
0.1591,-0.09104,-0.28714,-0.040566,-1.0502,-0.1108,-0.18974
-0.26507,-0.31347,0.077665,-0.10283,-0.81328,-0.39334,-0.12263
-0.030621,-0.063026,-0.18676,-0.22758,-1.2106,-0.59671,-0.5737
-0.60255,-0.32044,0.00034391,0.027479,-0.79213,-0.57546,0.082927
-0.22403,-0.072201,0.025152,0.099173,-0.030433,-0.20508,0.04993
0.14393,-0.30043,-0.13378,-0.078756,-0.5422,-0.53165,-1.0012
-0.024862,-0.00036447,-0.083774,-0.16198,-0.91478,-0.42134,-0.91083
-0.30788,-0.0091435,0.0091716,-0.0057382,-0.44774,-0.40007,-0.20871
-0.10388,-0.39403,0.10137,-0.16519,-0.56497,-0.25224,-0.27943
-0.094787,-0.17723,-0.38698,-0.027856,-0.84739,-0.34995,-0.43343
-0.028529,0.17969,-0.27242,0.042307,-0.41174,-0.013804,-0.059533
-0.40621,-0.031237,-0.19741,0.0067407,-0.7233,-0.092091,-0.091184
0.24454,-0.64463,-0.14287,-0.2726,-0.40584,-0.23055,-0.085172
-0.61085,-0.038062,0.1536,-0.072788,-0.13186,-0.38256,-0.12704
0.075033,0.00045523,-0.30417,-0.58657,-0.51796,-0.72848,-0.57407
-0.25391,-0.14374,-0.25836,-0.43922,0.084902,-0.42081,-0.35186
-0.11655,-0.37355,-0.25132,0.13359,-0.51558,-0.1825,-0.15138
-0.25038,-0.058819,-0.20163,-0.43573,-0.90853,-0.45321,-0.29881
-0.41941,0.021359,-0.046143,-0.07365,-0.62352,-0.6798,-0.29091
-0.75581,-0.14993,-0.33043,-0.28137,-1.0404,-0.30424,-0.27885
-0.77689,-0.34726,-0.32498,-0.45532,-0.37002,-0.74274,-0.69538
-0.35027,0.19092,-0.05183,0.19531,-0.16539,0.12277,0.24505
0.13349,-0.069685,-0.14116,-0.057009,-0.91971,-0.17701,-0.084213
-0.23202,-0.071519,-0.18559,-0.15961,-0.97163,-0.29638,-0.42955
0.40219,-0.0046225,-0.24032,0.0040409,0.14404,-0.012431,-0.144
-0.55139,-0.45336,-0.28439,-0.057212,-0.46148,-0.0011934,-0.18087
-0.18009,-0.29746,-0.14563,0.80484,-0.46029,-0.01492,-0.041994
-0.17581,-0.1149,-0.15567,-0.20526,-1.0191,-0.34736,-0.48181
0.053101,0.029272,0.04484,0.029187,-0.067636,-0.22378,0.096885
0.091547,0.066259,-0.25052,-0.58256,-1.0819,-0.19953,-0.48481
-0.047933,-0.02712,-0.39292,-0.21505,-0.61387,-0.20232,-0.19454
-0.26849,-0.19037,-0.52781,-0.11526,-0.49368,-0.55241,-0.29658
0.016908,-0.081734,-0.33901,-0.13024,-1.1277,-0.40089,-0.74717
-0.60051,-0.073622,-0.13991,-0.0031601,-0.83506,-0.30166,-0.41153
-0.16265,-0.10175,-0.36939,-0.030578,-0.96744,-0.094796,-0.33129
-0.068588,-0.34443,-0.47376,-0.45778,-0.8346,-0.63675,-0.46798
0.026547,-0.30165,-0.55059,-0.1781,-1.1094,-0.21543,-0.18773
-0.0036143,-0.015776,-0.37396,-0.21007,-0.47231,0.083452,-0.23903
-0.11802,-0.30364,-0.15844,-0.19842,-0.28381,-0.58007,-0.99611
0.090625,-0.37594,-0.022137,-0.055639,-1.2991,-0.20509,-0.36452
-0.51399,0.031504,0.15137,-0.0070728,-0.88238,-0.23159,-0.14787
0.14506,-0.082251,-0.17378,-0.032502,-0.70408,-0.51123,-0.16099
-0.079318,-0.29406,-0.24574,-0.1058,-0.28201,-0.6097,-0.36214
-0.034348,-0.038709,-0.17282,-0.038044,-0.74591,-0.63394,-0.3425
-0.1627,-0.080314,-0.15731,0.092071,-0.32063,-0.55207,-0.16809
-0.020025,-0.16719,-0.16029,-0.19756,-1.0576,-0.2333,-0.32339
0.083398,-0.30974,-0.43597,-0.29174,-0.31866,-0.0010356,-0.12647
-0.23005,-0.1006,-0.071057,-0.11059,-1.207,-0.17704,-0.70055
-0.09618,-0.1253,-0.19852,-0.10746,-1.2097,-0.40858,-0.25366
-0.68427,-0.42227,-0.43565,-0.44545,-0.65752,-0.45256,-0.33506
0.24977,-0.63416,0.1572,-0.36652,-0.30591,-0.32327,-0.1132
0.010979,-0.20845,-0.16684,0.0040055,-0.40835,-0.5073,-0.16038
-0.47101,-0.21192,-0.0076575,-0.00061234,-0.70386,-0.47199,-0.24382
-0.17939,-0.22698,-0.27919,-0.2473,-0.90848,-0.25479,-0.23973
0.09604,-0.058515,0.090458,-0.053071,-0.070627,-0.58177,0.02051
0.14305,-0.21839,-0.19075,-0.27642,-0.94073,-0.75813,-0.27624
0.30585,0.167,-0.61333,-0.14625,-0.38183,0.23858,-0.17596
0.13606,-0.30729,-0.045104,-0.023625,-0.73403,-0.23885,-0.13974
0.0057233,0.055392,0.095652,-0.008393,-0.22553,-0.28092,-0.017887
0.1247,-0.56403,-0.17336,-0.17294,-0.4951,-0.40073,-0.020805
-0.4053,-0.36192,-0.18415,-0.070349,-0.79726,-0.13408,-0.14494
-0.0033053,-0.35663,-0.2499,-0.2238,-0.75904,-0.13626,-0.22112
0.27063,-0.017247,-0.14388,-0.59874,-0.53718,-0.072369,-0.0024048
-0.37567,-0.061697,-0.32708,-0.097303,-0.58216,-0.36302,-0.37671
0.025988,-0.15189,-0.23543,-0.37293,-0.91872,-0.20908,-0.76237
-0.34533,-0.06075,-0.3301,-0.029508,-0.74918,-0.15327,-0.53447
-0.32212,-0.10719,-0.49474,-0.049638,-0.44322,-0.022235,0.0071145
0.3252,-0.068822,-0.099011,-0.42417,-0.7085,0.072872,-0.43679
-0.14714,-0.037494,-0.14647,-0.068918,-0.92913,-0.12235,-0.71394
-0.070325,-0.25342,-0.18935,-0.058425,-0.11444,-0.40333,0.07667
0.2104,-0.11982,-0.15687,0.1272,-0.23004,-0.23895,-1.0323
0.091832,-0.0054212,-0.046306,-0.13596,-0.75107,-0.24633,-0.033903
-0.37815,-0.19809,-0.33032,-0.076935,-0.69751,-0.082773,-0.2783
-0.053285,-0.11805,-0.15482,-0.42147,-1.1651,-0.36809,-0.46888
-0.35338,-0.19848,-0.4761,-0.16741,-0.64947,-0.38871,-0.56205
-0.42497,-0.54016,0.080241,-0.1329,-0.7962,-0.21787,-0.11985
-0.62167,-0.072738,-0.58451,-0.24756,-0.20314,-0.92299,-0.27863
0.12989,-0.11038,-0.10326,-0.11157,-1.1553,-0.53853,-0.27859
-0.89736,-0.26668,-0.20434,-0.13894,-1.19,-0.38265,-0.63185
-0.73787,0.057055,-0.47068,0.034658,-0.84963,-0.301,-0.18168
0.11864,-0.38589,-0.39267,-0.72504,-0.65244,-0.1723,-0.31921
-0.29436,-0.049349,-0.10648,-0.029939,-1.002,-0.21201,-0.41645
-0.034178,-0.2812,-0.44434,-0.21857,-0.95065,-0.35485,-0.80036
-0.17837,-0.055882,-0.34457,-0.10344,-1.0328,-0.31622,-0.66688
0.14229,0.096535,-0.35609,-0.065432,-0.73203,0.50124,-0.13161
-0.24969,0.33439,-0.35543,-0.067588,-0.46751,0.050794,-0.090288
-0.834,-0.047697,-0.11512,-0.42515,-1.0626,-0.34527,-0.19843
0.010002,0.059554,0.16761,-0.26847,-0.74247,-0.22559,0.089229
-0.078452,-0.18564,-0.23138,-0.20955,-0.8487,-0.16548,-0.4847
-0.4997,-0.38437,-0.22609,-0.057167,-0.8227,-0.1559,-0.13862
-0.3633,-0.45872,-0.002363,-0.20039,0.037075,-0.50317,-0.13991
-0.27375,-0.50462,0.10659,-0.42636,-0.25688,-0.049891,-0.23676
-0.11035,-0.39955,-0.34407,-0.62109,-0.78585,-0.53475,-0.52659
-0.26421,-0.51339,-0.36641,-0.4692,-0.27963,-0.30897,-0.60917
-0.15956,-0.37156,-0.38941,-0.26971,-0.099205,-0.39293,-0.30855
0.057249,-0.0089916,-0.10589,-0.053786,-1.2781,-0.14395,-0.33723
-0.27008,-0.07918,-0.30293,-0.29751,-0.82236,-0.041096,-0.4124
-0.25063,-0.055851,0.038314,-0.20209,-0.93313,-0.17074,-0.24074
-0.34593,-0.12425,-0.30049,-0.24591,-0.8684,-0.50027,-0.39131
-0.05992,-0.037655,0.018639,-0.075012,-0.24802,-0.078272,0.12065
-0.26442,-0.26046,-0.37622,-0.13092,-0.6695,-0.075909,-0.33876
0.36604,-0.22906,0.19769,-0.23872,-0.036364,0.13817,-0.14079
0.049992,0.14166,-0.0013186,0.051866,-0.26322,-0.18872,0.11393
-0.38615,-0.06962,-0.64095,-0.12984,-0.53652,-0.28113,-0.22072
-0.17251,-0.0031795,-0.17568,0.059582,-0.37207,-0.16459,-0.17334
-0.0015494,-0.26678,-0.025202,-0.22793,-1.4142,-0.47878,-0.6147
-0.20868,-0.021802,-0.23571,-0.20819,-0.84161,-0.22664,-0.50069
-0.391,-0.1791,-0.16069,-0.15959,-1.1241,-0.083509,-0.23398
-0.017898,-0.11439,-0.24003,-0.21872,-0.92552,-0.15445,-0.048728
-0.25873,-0.34912,0.523,0.45046,-0.19339,-0.4333,0.19719
-0.62799,-0.18153,0.042352,-0.054719,-1.0092,-0.19219,-0.37829
-0.42927,0.19624,-0.48292,0.095525,-0.85985,-0.17016,-1.0375
0.090918,-0.25155,-0.088877,-0.091584,-0.57902,-0.096268,-0.35647
-0.072825,-0.093774,-0.55149,0.089593,-0.61006,-0.63277,-0.34132
-0.22681,-0.22243,-0.40518,-0.53587,-0.20849,-0.56343,-0.38824
-0.1082,-0.034324,-0.11982,0.059575,0.02894,-0.33231,-0.0026964
0.03746,-0.19147,-0.47369,-0.31911,-0.66431,-0.40261,-0.11499
-0.31604,-0.32505,-0.60706,-0.12728,-0.47852,-0.18098,-0.10781
-0.037649,0.052658,-0.070753,-0.48243,-1.1592,-0.79609,-0.32172
-0.20285,-0.18478,-0.09477,-0.37239,-0.75313,-0.5346,-0.27637
-0.17986,-0.09355,-0.60121,-0.33715,-1.0248,-0.15112,-0.16626
-0.40906,-0.17922,-0.0054016,-0.072778,-0.56831,-0.17886,-0.4044
-0.5793,-0.26399,-0.16955,-0.41179,-0.83396,-0.37597,-0.72893
0.0056601,-0.27546,-0.42372,0.018913,-0.78832,-0.36331,-0.076762
-0.12249,-0.119,-0.15998,-0.22131,-1.1378,-0.30602,-0.29943
0.058132,-0.040707,-0.2567,-0.17646,-0.825,-0.30754,-0.63057
-0.048386,-0.11272,-0.26416,-0.18279,-1.0111,-0.44026,-0.62522
-0.13878,-0.081502,-0.31578,-0.16952,-0.35357,-0.86981,-0.21241
0.19031,-0.34691,-0.083523,-0.23952,-0.65706,-0.0019022,-0.43424
-0.4437,0.0012096,-0.24948,-0.18601,-1.0587,-0.36367,-0.241
0.15279,-0.11288,-0.087985,-0.44203,-0.45626,-0.057098,-0.60254
-0.22628,-0.34619,-0.25371,-0.39505,-0.88344,-0.20902,-0.4809
-0.44277,-0.27402,-0.078267,-0.20097,-0.58755,-0.18748,-0.17555
-0.04836,-0.14709,-0.01635,0.12388,-0.39416,-0.29473,-0.26231
0.27819,-0.28498,-0.60972,-0.16331,-0.35597,-0.31206,-0.47438
-0.59555,-0.67833,-0.37686,-0.045674,-0.45537,-0.15435,-0.24986
0.12932,-0.20019,-0.33901,-0.35745,-1.0731,-0.048446,-0.19124
0.26797,0.044499,-0.17615,-0.060233,-0.4772,-0.038625,-0.28102
0.18125,-0.2019,-0.017994,-0.56187,-0.1974,-0.20561,-0.069868
-0.21647,0.049652,-0.52724,0.0074334,-0.66229,0.025585,0.017182
