0.83708,2.574,3.4859,2.6938,0.95639,5.2813,3.5231
-0.020825,0.53338,0.5318,0.64404,1.1412,-0.95179,-0.5087
0.83728,-0.89313,-0.6096,-0.13542,0.45264,0.6464,1.3911
0.85064,0.046056,0.28372,0.97533,-0.11933,0.98142,0.61447
-0.52696,1.5623,0.99522,1.3948,-0.027079,0.39098,1.3185
-0.77063,0.52156,0.04293,-0.08124,-1.0943,-0.40747,-0.29625
-0.21847,-0.095958,2.0908,-0.44308,0.39782,1.0544,0.03779
0.62565,-0.9101,0.1626,-0.58121,-0.25728,-0.8108,-0.23845
1.7633,0.57439,-0.775,0.38079,-0.037385,0.48579,-0.3676
0.35129,-1.1256,0.58321,-0.39904,1.2208,-0.65105,0.58731
0.49885,-0.1027,-0.76526,0.34338,2.0622,-1.3373,1.7974
0.025391,2.9432,0.34072,1.5368,-0.14797,0.35944,-0.14775
1.9878,-1.8431,1.0469,-1.281,3.0333,0.93148,0.7243
-0.18106,-0.80182,-0.32345,1.744,-1.3306,2.9477,1.118
0.93547,1.035,-0.088445,1.8699,-0.18511,-0.029393,-0.63224
-0.83267,2.5336,0.88172,1.0342,0.75403,0.43968,0.58544
0.039194,-0.67983,-0.32318,-0.78255,0.0037403,-0.051647,-0.10562
-0.0069335,1.2756,1.659,0.94587,-0.76617,-0.34025,-1.1523
-1.3812,2.1187,1.1781,-0.53078,-0.0088597,1.0503,-1.0094
-1.3766,1.012,0.46349,0.2,0.092827,1.3015,-0.47443
-0.82174,-0.57256,-0.51958,1.9633,-0.16036,0.7417,1.8893
0.93496,0.030442,0.32477,0.80174,0.53123,-0.44865,0.087183
0.19842,1.3137,-0.62285,0.84464,-0.60091,-0.93546,-0.57528
-1.0585,1.6495,0.23437,1.8156,-0.27947,1.2601,0.27595
-0.50781,2.2547,-0.97864,1.7903,0.029501,-0.14036,0.87594
-1.0253,2.3538,2.5455,-0.61779,-0.075868,-0.26147,1.0769
-1.2856,0.97133,0.74233,2.038,1.5973,0.32542,-0.88261
0.051351,0.88384,-1.1412,1.3481,0.11034,-0.65109,0.82207
-1.3073,-0.63142,-0.46945,0.51105,-0.27743,1.479,0.17238
-0.77916,1.2039,-1.395,1.3483,1.462,0.43226,0.92292
1.3488,-1.1046,-1.1555,-0.41083,0.9507,0.70402,1.4303
0.060303,-0.98577,1.0345,-0.20386,1.3903,2.2515,1.2629
0.18098,-1.4332,0.031747,-1.1994,-0.38456,-0.12675,0.49721
1.7766,-0.38555,0.59625,1.2536,-1.2405,0.050976,1.4356
1.0796,-0.99347,-0.39025,-0.38164,0.75537,0.4953,0.62089
-0.93406,0.067845,-0.17772,1.5855,0.50486,0.90598,-0.1263
0.71732,0.32635,0.45931,1.0557,-1.6265,0.55473,-1.1227
-1.2094,0.30365,1.0682,-0.22681,-0.81237,2.2819,0.58482
-2.2245,1.3976,-0.09017,1.0175,0.55437,-0.73152,0.22023
0.052431,1.3954,0.51664,0.31646,-1.5102,0.49448,1.4434
1.344,-0.096304,-0.14959,-0.38258,1.2272,-0.61025,1.3507
-1.5632,1.1685,-0.49742,1.4682,1.4258,-0.62137,-0.34
0.80889,-1.8011,-1.0527,0.27398,1.2096,1.3828,1.122
-0.68136,-0.78195,-0.99201,2.2475,-0.72473,0.79673,0.3566
1.2217,-0.91786,0.51396,-2.0883,-0.033927,-1.285,0.57394
-1.8505,1.1935,0.31737,1.3077,1.6547,-0.64059,-0.26947
-1.4332,3.0842,0.48633,0.12771,-1.4901,-0.4286,1.0413
-0.027194,1.3577,-0.60174,0.89771,-0.48831,-1.1082,-0.061383
-0.38398,-1.9605,-0.13654,1.0206,0.32188,1.4336,0.36812
0.54612,0.36264,-1.0696,0.038463,-0.15403,-0.68022,-1.1879
0.45058,1.3809,-0.64586,1.4491,-0.0014642,-0.40742,-0.69144
0.023389,-0.025755,0.5311,0.30831,-0.52025,1.0658,1.3778
0.58529,0.6935,0.4905,0.66037,-0.23116,0.35195,-1.1404
-2.9546,0.06653,0.19556,-0.48926,0.0012947,0.29392,1.2213
-0.35954,-1.6082,0.1771,0.19686,0.49214,1.5712,1.285
1.1635,-0.2122,0.81143,-0.4252,1.0302,-1.0617,1.0659
0.99181,1.0762,0.9457,-0.37968,-2.0846,-0.037597,-0.24931
-0.15139,0.34133,-0.39314,1.1002,-0.59188,0.9376,1.4227
-1.9899,-0.17438,-0.16779,2.3082,-0.55339,1.8964,0.62109
-0.77857,0.246,0.41451,0.5475,0.95775,0.56279,0.26515
-0.43128,2.5573,0.40604,1.185,0.091821,0.30917,-0.10732
-0.71551,1.1892,0.58615,-0.80479,1.4133,1.0684,0.14362
-0.052765,0.19175,-0.12482,2.3367,-1.9235,1.1942,0.059512
-0.48889,-0.91978,0.4394,-0.25346,-0.17509,0.19751,1.6793
0.033871,0.63546,-0.056414,-0.1694,0.12221,-0.71632,0.74462
-0.57571,1.7346,1.0592,0.71268,-1.0679,1.1747,-0.91974
-0.96016,-0.27173,0.33439,-0.27212,0.79183,0.16156,0.0023795
1.1095,-0.74756,0.99539,0.92998,-0.93606,1.4249,0.90148
1.9992,-0.5539,0.66635,0.023388,0.95973,-0.74905,0.96562
-0.31996,-0.46528,0.41963,0.67016,-0.17939,0.018845,1.4482
0.51898,-1.2108,-0.10114,-0.70564,-1.0194,-0.36271,0.23106
-0.077468,0.83031,0.7904,-0.26794,-0.79627,0.20668,1.5721
-1.7197,-0.3826,-0.69283,2.3714,-0.084334,1.7845,1.7591
0.22593,-0.93155,0.099141,-0.71016,0.90348,-1.1076,0.12848
1.2959,-0.14386,-0.55066,1.3997,-1.2975,-0.84637,1.5332
-0.85584,2.2207,0.34863,0.76659,0.68375,1.0821,-1.0727
1.0933,-1.2108,-0.83174,-0.95441,-2.0416,-0.21307,1.3054
-1.1883,-0.0065405,0.032728,-1.8491,0.88265,0.51656,0.98918
-1.026,-0.93284,1.5996,0.41884,-0.30573,2.5617,0.5844
-0.4532,-1.1709,0.469,0.94122,1.0205,1.0167,1.5807
-0.69338,-0.11914,0.74246,0.59987,0.5246,0.42201,0.60413
-1.2515,0.84427,1.6546,-0.14203,-1.1322,1.4107,-0.36732
-1.4738,1.8361,0.85808,1.9244,1.0787,0.19215,0.14588
-0.92137,-1.5843,0.11885,0.20937,-1.3942,2.2517,1.6861
0.62475,1.7044,-0.33992,1.827,-1.3804,-0.23442,0.55354
0.60098,1.3094,0.023872,0.31129,1.348,-1.3373,0.49621
0.93294,-0.88902,1.6429,-1.027,-0.22996,-0.49218,-0.6987
-1.3004,1.1521,-0.29187,0.43319,0.14717,-1.4212,-0.25201
-1.2476,-0.61231,-0.43896,2.1752,-0.53414,0.47527,0.70603
1.4099,-0.69265,0.52493,1.0719,-1.2162,-0.01142,1.6646
-0.12668,-0.022503,0.94015,0.37954,-0.61224,-0.64613,-0.66364
-1.7388,1.1674,-1.4546,1.4972,-2.2944,0.44134,-0.21422
-0.95207,-1.2155,0.78679,1.0645,0.1804,0.34064,1.3004
-0.1706,-0.31125,0.43542,-1.0931,0.66942,-0.1082,0.63764
-1.4593,-0.11218,0.89665,-0.035121,-0.48931,0.32025,1.2333
-0.08927,-0.0019253,0.59847,0.11338,2.5561,0.34589,1.5274
-0.028403,-0.14103,0.28928,-0.63488,0.97801,-0.59378,1.2409
0.73963,-0.16346,-0.2586,-0.60458,0.6115,0.53246,1.1629
-0.92943,-0.52467,0.77708,1.1028,-0.6263,2.4769,0.88834
0.10474,-1.1392,0.85686,-0.6448,-0.35393,-0.12642,0.72953
-0.49816,0.43363,0.80536,1.824,1.2408,0.17176,0.75705
0.64877,0.66241,1.5225,-0.89031,-1.1763,-0.95908,0.044912
0.20176,0.18447,0.4923,0.87428,-0.82906,0.0032244,1.7432
-0.79706,2.0134,1.7266,-0.078566,0.37742,-0.1642,1.256
-0.27056,1.474,-0.033628,1.0103,1.6663,0.6814,-0.77751
-0.69112,-0.16095,-1.5516,2.2176,-0.99236,1.2023,0.55464
-1.3402,-0.34417,0.21533,2.7549,-0.44681,0.37283,0.63325
-2.3069,0.20471,-0.33352,-0.27825,-0.064817,0.44339,1.0591
-0.98575,-0.059368,0.62191,-1.3747,-0.32931,0.58972,1.1294
-0.59055,0.50241,-0.83611,0.59899,1.8965,-0.0024991,1.3394
0.7817,-0.62871,-0.4332,-2.6338,-0.057209,-1.5943,0.82097
-1.307,1.4253,0.8969,1.8955,0.0079527,1.1585,0.89018
1.7908,-0.75304,0.14329,-0.64642,1.1536,-0.73366,0.58688
-0.44448,-1.1336,0.5875,-0.8472,-0.92052,-0.62107,0.30003
1.7291,-0.86311,-0.00015639,-0.62988,-0.69842,1.2688,1.0916
-0.60922,-0.678,1.5391,-1.1389,1.939,0.91207,0.41008
1.1491,1.6422,-0.22772,0.83417,-1.1571,-0.76672,-0.077382
-0.73607,0.33567,0.60125,1.0802,-0.46984,1.568,-0.68028
-0.8108,1.5812,1.794,1.1993,0.39585,0.017422,1.1172
-0.084884,0.2599,0.23851,1.6294,-2.19,1.6488,1.1197
-1.3375,-0.85103,-0.85707,-0.21592,1.0371,0.9194,1.2877
0.72797,1.0083,-0.32061,-0.55819,-0.38711,-0.74894,0.73893
-0.24367,0.46317,-1.4646,1.3428,-0.49845,1.4441,0.59543
0.31142,1.0529,-0.36252,-0.079675,2.6708,0.069427,0.11328
1.2023,0.76484,1.6416,-0.76322,-1.5613,0.18656,-0.6083
0.84293,1.1731,0.9684,1.827,-1.6169,0.95123,0.1153
-1.0143,-0.77268,-0.33847,1.8896,-0.13764,1.4754,0.64911
-0.32809,-0.54075,-0.17024,-0.29161,1.5895,1.1064,1.225
1.3692,0.52426,0.97215,0.48492,-0.84273,-1.1733,-0.56811
-0.69141,0.5876,-0.12995,1.2528,1.2843,0.1591,-0.81547
0.52559,-1.1452,-0.93979,-0.86405,1.6167,-0.0034393,1.2055
-0.25213,0.84412,2.2324,-0.72434,-0.11663,1.4045,0.040985
-0.066413,1.5892,-0.45169,1.6588,-1.2036,0.67766,0.039898
1.0121,-0.54827,-0.051862,-0.43749,0.077762,0.92823,0.27376
-0.6516,0.15415,1.5526,1.2928,0.45882,0.50281,0.067769
-1.585,0.89477,1.4815,0.90494,1.3286,-0.3197,-0.52104
-1.1959,0.20553,2.7167,-0.24065,0.82682,1.0541,-0.45609
0.34757,-0.32549,0.81391,-1.2007,0.75234,-0.67764,0.46455
1.31,0.47952,-0.82655,-1.0935,-0.24581,-0.46463,-0.7778
1.2386,-0.88841,0.20985,0.90855,-0.2713,-0.10157,1.4523
-0.404,-0.43643,-0.38651,1.6272,-0.31076,0.82326,0.43414
-1.0938,-0.8676,-0.80013,2.4649,-0.077679,1.1416,1.9908
2.0267,-0.25495,1.5332,-0.21843,-0.77879,0.47884,-0.263
-2.1532,-1.2365,-0.79564,0.070766,0.89811,2.1475,1.6031
1.3374,-0.3854,1.7454,-2.1714,0.88291,0.8339,0.5508
-0.2065,0.77417,-0.73521,-0.7334,0.088693,0.11513,1.1182
1.5191,-1.1175,-0.62947,-0.15116,1.6923,-0.37447,1.3141
1.3535,1.1231,0.59048,-0.045176,-0.25981,-0.45228,0.8923
0.090572,0.31802,0.90874,0.20661,-1.017,-0.57937,0.82499
-1.7781,2.1317,1.1722,0.27614,0.39748,-0.71582,-0.077703
0.80216,-0.57432,-0.47908,-0.37425,-0.59049,-0.50606,-0.41478
-1.1901,-1.0385,0.19784,-0.31274,1.972,1.0587,0.43843
-1.6173,1.07,0.55699,2.3029,0.48063,-0.055497,1.1307
-0.61179,1.0103,-0.41579,1.7588,-0.39615,1.3613,1.2542
-1.3842,0.30363,-1.253,2.1869,1.2232,0.1831,1.2719
1.0897,0.76784,-0.35204,0.20315,-0.74649,-0.59303,-0.23462
0.32755,1.1319,0.026345,2.6305,-1.3834,1.1018,0.91086
1.8652,-0.91737,0.16859,-0.0076647,1.1474,0.32793,0.59581
0.43384,0.80189,0.6785,-0.29179,0.13184,-0.13231,1.0355
-2.2101,1.2077,0.957,0.87729,1.1561,0.035266,-0.22001
-1.9063,1.7473,-0.0020345,1.1773,1.0586,-0.59322,0.27758
1.6676,-0.0030314,0.25867,1.7055,-2.0937,1.4706,0.29447
0.18047,-0.74773,-1.6901,-1.3988,0.60122,-0.060697,0.52426
0.76674,-0.87491,0.77291,-1.3208,0.53931,0.70046,-0.6919
-0.23285,0.12051,0.41941,0.36108,-2.1545,0.7157,1.9007
-1.5472,-0.27325,0.057604,0.37887,1.2604,-0.43783,0.51977
1.2215,-2.0347,0.79056,-1.8925,0.55437,-0.22984,1.498
0.41426,0.22832,0.47346,0.55488,-1.0899,0.47928,1.6424
-0.067155,-0.15894,0.4797,-0.37182,1.1931,-0.36946,1.4192
-0.72217,1.89,0.86105,0.87241,0.69649,0.13258,0.85098
1.2942,-0.19287,0.82418,1.1969,-0.73435,-0.39988,1.751
-0.6967,0.23913,2.2169,-0.040523,0.56322,0.75157,-0.30484
0.18588,0.11153,-0.030448,0.6916,-0.36534,1.7684,-0.44547
-0.48982,0.71799,-0.84846,0.14515,0.40754,0.7231,0.86022
-0.59718,1.6164,1.5157,0.36954,-0.95055,-0.88961,1.1553
1.4125,0.60718,0.33903,-0.021626,-0.87601,0.97146,0.9225
0.20532,-0.2239,-0.81296,0.32719,-0.96355,-0.71647,-0.24188
0.97638,-0.31796,-0.24229,1.0504,-0.94511,-0.35332,1.1731
0.5823,-0.42489,-0.061966,-0.97738,1.7165,-0.052972,1.4995
-0.68729,1.2185,1.8275,-1.2828,-1.0914,0.011632,0.95701
0.38042,0.51428,-0.35179,0.89967,-1.0434,1.1572,0.47075
-0.38358,-1.0585,-0.97492,0.14299,-1.846,0.87134,1.4238
-1.4697,1.7136,0.23414,-0.29378,0.065963,-0.97576,-0.58202
1.3936,-0.18519,-0.61052,-0.71335,0.55387,0.36272,0.54698
-0.6091,1.7525,-0.69694,0.42036,-1.353,-0.67133,-0.42239
-0.16143,-0.15966,1.1142,0.60746,1.3543,-0.77641,0.69333
-1.6086,1.9129,1.1067,1.6731,0.73006,0.94361,-0.020768
0.62835,-0.74742,-0.54973,0.73383,0.98161,-1.1843,1.6468
-0.64884,-0.72829,-0.027081,-0.42914,1.2466,0.41815,1.1809
-0.34909,-1.0027,1.2778,-0.66314,1.2067,1.2318,-0.010425
1.0373,-0.58571,0.46219,0.55326,-0.27016,-0.13527,1.5378
-0.035646,-0.1583,-0.86727,-0.19218,0.14984,0.73937,-0.69121
-0.13323,0.8967,-0.858,0.24887,-0.61521,0.72661,0.9764
-1.3898,-0.77038,-0.36024,1.7915,-1.0832,2.3112,1.0725
-0.80625,1.4873,-0.5297,2.3459,-0.081603,1.4196,0.74683
-0.25977,-0.058721,0.68349,-0.79388,-0.61739,0.99715,0.92418
0.047348,0.58846,2.1556,1.2083,-0.44211,1.437,0.00066954
0.60864,2.9075,-0.87416,1.828,-1.5755,0.23519,-0.2289
-0.40681,0.10322,-0.00082419,0.62143,0.69219,1.0272,-0.0067736
-0.21464,0.14125,-0.88418,-0.70978,0.32575,-0.017114,-0.30766
-0.50557,-0.98675,-0.11841,0.71143,-0.6438,0.57145,1.345
-0.85802,-1.0735,-0.71608,0.62388,-1.7636,-0.79982,-0.64135
-0.59857,-0.28209,-0.19847,-0.06168,-1.9055,0.068499,-0.19845
1.3972,-0.9278,0.41999,0.888,-1.8538,0.93293,1.5919
0.46767,-0.85918,-0.51856,-0.78503,0.34553,0.72891,1.607
1.322,0.88368,0.11372,0.18192,0.91606,-0.86245,0.8299
0.68551,0.70385,1.8648,0.32962,-1.0146,0.94189,-0.30504
-1.4679,2.2421,1.0589,1.2801,0.29444,0.52512,1.3222
1.0762,-2.0645,2.2229,-0.79476,1.6312,0.89037,-1.1744
1.0032,0.37677,1.7989,-2.1984,0.0043077,0.56076,0.27265
0.054511,-1.246,-0.35895,-0.18655,-0.83029,1.0841,1.0251
0.61576,1.1997,0.0792,1.3508,0.12648,1.5212,0.50319
-1.0071,1.5383,1.6256,0.2115,0.69445,-0.3237,1.3903
-1.0486,1.4108,-0.24764,0.86068,-0.33758,-0.30513,-0.32654
0.12145,-0.35502,0.14592,0.41247,1.0888,0.43499,0.92261
0.78138,-1.1906,0.33484,-0.2492,1.11,-0.32965,0.78332
-1.1058,0.90031,1.0924,-1.8983,-1.2548,0.17911,-0.66726
0.70505,-0.21955,-1.1828,-0.076419,0.69459,-0.96059,0.99394
0.2171,-0.65321,0.052751,-0.29824,-0.43044,-0.8963,-0.17624
0.076682,0.32927,0.045457,-0.51517,0.89981,-0.90846,-0.63608
1.1707,1.5103,0.74478,1.8965,-1.749,0.46942,0.25391
-1.4283,0.77607,0.39459,1.0796,-1.2289,0.64762,0.45171
1.0667,1.2786,1.3473,1.6748,-0.36496,0.28141,-0.54723
1.6252,1.6673,-0.47883,0.53759,-1.0967,-0.26599,0.64993
-1.0724,3.1838,0.56953,0.68299,0.76378,-0.83373,0.40167
0.57326,0.65302,-0.061854,-0.255,-0.3637,-1.0743,0.84895
0.59503,2.2859,-0.75881,1.8801,-1.6046,0.91919,0.5698
-0.97494,1.9122,1.4082,1.0241,-0.18001,1.2269,1.5807
-0.75454,-0.28679,0.98761,-0.41774,0.088793,1.2344,0.91113
-0.53083,-0.097717,0.75274,0.77243,-0.98784,0.34439,-1.0267
-2.0841,-1.3432,-0.95612,2.2079,0.36062,1.4877,0.95164
-1.0215,-0.4125,1.2266,-0.28118,-0.49664,1.3608,0.35628
1.0344,1.7738,-0.30851,1.2412,-1.3363,-1.3998,0.19315
-0.26614,0.58309,2.2637,-0.48558,-0.24514,0.28139,1.2019
1.637,0.56206,0.45652,1.4126,-1.685,0.37369,1.1864
1.471,-1.1867,-1.2193,0.24232,-0.41434,0.8797,0.37014
1.3865,-1.0359,-0.18756,0.38136,0.40803,-0.32232,0.5217
1.2104,0.30053,0.58384,1.6245,-0.30781,0.92786,0.12737
0.58343,0.39911,0.38191,0.5526,-0.69552,0.9625,1.3145
-0.31325,0.02932,0.59577,-0.33294,-0.46801,1.4575,0.90347
-0.55334,2.0472,-0.3159,1.6638,-1.3078,-0.95258,0.83196
-0.81867,-0.62814,-0.29608,-0.24707,-0.27385,1.904,1.7613
-0.27917,-0.65411,0.13078,-0.4608,0.24197,-0.099569,-0.41204
0.73172,0.35342,0.59929,-0.33895,1.2944,-0.2059,0.91547
0.81297,-2.3146,0.031179,-1.4538,1.3781,-0.53622,1.5908
0.19817,1.03,-0.16447,1.6992,0.41166,-0.29779,-0.78516
-2.4364,-0.44476,-0.33871,2.3833,0.36436,0.64557,0.49189
-0.87286,0.9368,-1.2041,0.89282,-0.97125,0.34955,-0.18327
-0.69167,-0.061366,0.74832,0.89536,2.3319,0.90757,-0.15838
-2.4221,0.11479,-0.28784,-1.4745,0.35096,0.73047,1.4532
-0.14418,-0.29479,1.616,1.4867,1.0982,1.401,0.31099
-0.4511,1.6058,0.85841,-0.25615,0.3072,-0.7803,1.7675
0.21901,1.1573,-1.1052,1.477,-0.88578,0.25716,0.11881
-0.26816,1.3798,0.39559,1.5051,0.0904,0.44348,-0.75941
0.32988,1.1836,-1.1589,1.4238,-2.4412,0.35034,1.2732
0.97033,-0.91764,-0.1839,0.47047,-1.3994,-0.47084,0.60822
-1.0815,-0.57546,-0.18761,1.8696,0.51091,1.0341,-0.18921
0.35635,-0.22513,-0.68184,-1.1713,1.0105,-0.58637,0.84397
0.0034609,1.3994,-1.5741,0.91334,-1.4447,-0.16214,0.62987
1.5405,-0.6407,-0.27985,0.20198,1.8831,-0.92567,1.1725
1.9556,-0.14767,1.1991,-0.089466,-0.17067,0.39808,0.71273
-1.5367,-0.71542,-0.2778,2.1668,-0.83094,0.89428,1.1671
-0.2013,-1.1021,-1.3871,1.087,-0.13994,0.15259,1.0021
0.051145,0.61032,-0.16553,0.79118,2.1486,1.6178,0.96651
1.1073,0.76496,0.12974,-0.33724,-0.66556,-0.60578,-0.060337
0.14876,1.9972,1.9229,0.31962,0.60181,-0.99997,-0.21976
0.21457,-0.9765,0.90353,0.2119,1.0983,1.7142,0.67199
-1.3452,-1.1825,0.1789,-1.5113,0.99408,0.53117,1.435
1.9994,-0.89746,0.82318,-0.69469,2.2263,0.082191,0.84072
-0.24702,0.99619,0.82483,1.3385,0.51993,0.060839,0.21889
-1.976,0.9257,1.5405,0.67162,0.35408,-0.4101,-1.5888
-0.064764,-0.62309,0.71195,0.21763,-1.3784,-0.32398,-0.12959
0.42241,-1.0859,-0.35783,-0.30923,1.1028,0.29598,0.90544
1.4502,1.0222,0.60513,1.8433,-1.5289,1.471,0.22493
-2.6908,-0.202,-0.33329,1.431,-0.51745,0.33114,1.0967
0.96982,0.31496,0.12177,0.36238,-0.29022,-0.13136,0.53513
0.73433,-2.1333,1.1174,-0.43399,2.6129,-0.24392,-0.22694
0.66541,1.158,0.22812,2.1711,-0.95325,0.63148,0.63159
0.2018,-1.5166,0.12036,-0.097559,0.76048,-0.2233,0.41506
1.3135,-0.51831,-0.40415,-0.92706,1.4513,0.87267,1.3433
-0.56746,-0.43969,-0.91256,0.77455,1.1223,-0.77295,-0.89286
1.1856,-0.23928,0.13626,0.29469,0.7706,-0.82253,1.6804
0.13967,-0.12853,0.65634,0.15073,2.9872,1.7627,0.44667
1.5887,0.51529,0.81605,0.071044,-1.3559,-0.19223,-1.1899
-1.4223,-0.51623,0.1402,-0.90085,0.91344,-0.11347,1.1905
-0.20555,-1.4317,-0.58511,-0.52805,-0.64481,0.58475,0.95313
0.2954,-0.5901,0.25419,-0.17829,-0.54534,-0.9158,-0.19482
0.85308,-0.90333,-0.99969,0.32693,0.33975,1.1007,0.47718
-0.51455,1.3984,0.80966,0.22756,-0.95969,1.0352,-0.10944
-1.1965,2.4042,1.9868,0.56464,0.019309,0.12401,1.2327
-0.52361,0.71596,-1.0063,0.98312,0.41143,0.91255,0.48598
1.5442,0.5145,0.79692,0.14513,-0.98452,1.5607,1.1653
-1.5463,0.71061,1.1907,0.96699,-0.061633,-0.012961,-0.6608
-1.4362,0.28042,0.99821,1.3477,1.8901,0.056548,-0.55709
-0.2911,-0.74844,0.16153,0.31134,1.8488,-0.36886,1.0015
1.7025,-0.52134,-0.58175,1.6424,-1.692,1.2059,1.5027
-0.52068,-0.92049,-1.0075,-0.62376,1.5554,0.61673,1.5199
-0.22236,1.3814,-0.41687,-0.11489,-0.89642,-0.60883,-0.4025
-0.36578,-0.39876,0.21544,-0.078733,0.97541,0.36842,0.49561
0.45197,2.1958,-0.84499,1.3714,-1.2512,-0.62947,0.3884
1.0743,-0.39571,-0.68519,-0.56182,1.2885,-0.6743,1.5324
-0.48061,0.26376,0.47089,-0.78066,0.32715,-0.95942,0.74976
0.064822,-0.94222,1.0375,0.69779,1.1553,-0.30524,0.95084
1.0407,-0.60399,0.0014986,-0.45121,-0.52743,1.1131,-0.37003
-1.4692,0.23134,0.85471,0.75883,0.069648,0.72169,0.1415
-1.0309,2.1266,1.9054,-0.2914,-0.97373,0.19898,0.94988
-0.49297,-0.90959,0.54279,-1.0457,-0.74302,0.14311,0.4039
0.36041,0.37279,1.022,1.1166,-0.18295,1.3986,0.14952
-0.43044,-0.12928,-0.33768,-0.044911,-1.0449,0.066856,0.01376
-0.75462,0.10079,0.51152,-0.90445,-0.096898,0.58199,1.0558
1.0401,0.038069,1.3954,1.3813,-0.84417,1.7721,-0.1473
1.3728,-1.7748,0.54981,-1.4562,2.1238,0.035725,-0.69588
-0.19086,0.51209,-0.2997,1.2377,-1.0693,1.754,0.18409
-0.73477,2.0093,2.088,0.16488,0.12414,-0.58598,0.3426
-0.091804,-0.92004,-0.73285,-0.93841,-0.23603,0.49068,0.74596
1.1627,-1.7002,0.18671,-0.80651,1.2277,-0.72438,-0.52972
-1.2882,0.98177,0.46114,1.1867,-1.1004,0.7392,0.25429
-0.12112,-0.85808,0.75968,-0.98813,1.5645,-0.19803,0.91915
0.51691,1.6034,1.6002,1.3817,0.099245,0.38035,0.15078
1.74,-0.47497,0.30723,0.91404,-0.88246,-0.069426,1.7494
2.344,0.0051765,0.16597,0.7205,-0.070208,0.23814,1.0615
-0.022904,0.50969,1.3101,0.52424,0.98422,0.045212,0.65634
-0.29237,0.044005,2.3008,0.48461,-0.65761,0.72736,1.1997
0.44275,1.2956,0.91757,-0.29863,-1.263,0.041747,-0.018197
-0.16,1.3273,1.6036,-0.41533,-0.89008,-0.29336,1.3875
-0.9125,-0.31663,-0.40146,-0.20808,-0.19223,0.7006,-0.15761
-1.0992,1.9344,0.9039,0.83893,0.63034,-0.56444,0.1211
0.46265,1.5184,-1.0054,1.9721,-0.34556,0.36823,0.29433
1.0588,0.54348,-1.1062,-0.35706,-0.26118,-0.91673,0.37728
-0.31761,1.7384,-0.040236,0.094392,0.54004,-0.79314,-0.02551
1.8922,0.73497,0.16314,-0.36498,-1.1304,-0.43718,-0.48681
-0.37289,-0.60475,-1.6022,-0.34724,0.41996,-0.3694,0.31361
-1.1919,2.3493,1.8675,0.031266,0.51881,-0.033048,1.1652
0.79556,-1.6103,0.79297,-0.65555,1.9537,-0.50275,-0.73752
0.87138,0.3557,-0.54838,-0.4435,-0.41385,-0.82945,0.3324
-2.1135,1.1939,0.6921,-0.32578,1.4899,-0.48462,-0.063634
-0.94312,1.0802,0.36853,1.1101,0.72675,0.51614,-0.61109
0.26588,-1.1397,0.49656,-0.46835,-0.10308,0.47925,1.5841
-0.12494,-1.1929,-0.65021,-0.33393,-0.076188,0.42313,1.3404
-0.25064,-0.44552,1.7551,0.79458,0.6113,0.52561,0.67901
-0.057144,2.4966,0.70118,0.86281,0.3423,0.74022,-0.13211
0.40285,0.044823,0.98515,0.24683,-0.99514,-0.028991,0.94364
0.83634,1.4021,0.043522,1.7315,-0.94886,0.92881,0.67777
-0.65727,0.53116,0.20301,0.56664,1.122,-0.4057,-0.95803
-0.44999,0.9762,1.3272,1.0972,-0.19891,0.18585,0.74639
-0.23223,-1.4609,1.3118,0.4243,1.661,0.33901,1.4453
0.72014,-0.95419,0.76764,-0.84376,-0.18317,-0.47729,-0.15172
0.5824,2.0931,1.1764,0.89746,-0.086279,0.2432,-0.95421
-0.75842,0.1948,-0.11577,1.1684,0.98906,-0.14962,1.1695
-0.015746,-0.038623,1.2533,0.7727,-0.039573,0.60883,0.12776
0.78277,-1.1972,-0.42658,0.069888,0.79805,1.8268,0.22789
0.92483,-1.1366,-0.70249,-0.58641,2.2827,-0.56373,0.72657
-1.5017,0.77256,-0.18679,0.72311,0.16455,1.2278,0.2186
0.85049,-0.66377,-0.89923,-0.014755,1.3919,-0.45874,0.95894
-1.0388,-0.79621,-0.77854,0.2144,0.36514,-1.6722,-0.73692
-1.8268,-0.68827,1.1715,0.041737,-0.074122,0.30583,1.575
-0.79591,0.55383,-0.42667,1.4869,1.1193,-0.13112,-0.37289
0.28442,0.30618,-0.35975,-0.1826,-1.6698,0.53692,2.2528
-0.11023,1.1525,-0.63026,1.8303,-0.43054,0.41046,0.49368
1.9003,-1.1826,0.98361,-0.12638,-1.3089,1.2244,1.3896
-1.6337,-0.54698,0.055247,-1.1009,0.96761,-0.26595,1.3785
-1.483,-0.93961,-0.72832,1.6767,0.30868,0.81274,0.50617
-0.29981,1.369,0.95531,-0.87155,-0.72513,0.087128,-0.58719
-0.60194,2.9574,1.3219,1.3946,-0.35555,-0.62463,-1.1805
1.8884,-0.5694,0.12846,0.81068,-0.23917,0.10121,1.6878
-0.58954,0.76167,1.5388,0.28126,-1.0065,1.9551,0.49048
-1.0302,0.92942,1.367,1.0796,-0.21261,1.0428,-0.11428
1.0772,-1.2073,-1.3513,0.89344,0.020593,0.75029,1.1683
-1.0572,0.022645,0.71717,0.24935,-0.12071,2.5369,0.42049
2.5008,0.35156,0.71178,-0.63545,-0.08805,-1.309,-0.55035
-1.393,-0.40584,0.83098,-0.051086,2.5553,0.41037,-0.15722
-0.47789,1.5024,0.54214,1.6153,0.50679,0.33507,0.40144
-1.7083,0.71838,0.69966,0.72959,-0.4018,0.64754,0.70405
-0.57728,0.21977,-0.54895,-1.3471,-0.67231,-1.5938,-0.47264
0.18071,1.1207,0.25446,0.3008,-2.1243,0.089725,0.10861
-1.4918,0.041438,-0.027223,1.3649,0.0018216,1.215,0.21372
-1.0651,-0.42698,1.0083,1.9447,0.14572,0.87336,0.61961
-0.6097,-0.61543,0.7981,-1.1803,-0.40649,-0.24394,-0.10691
-0.29746,0.83917,0.00023869,-1.2957,0.047942,1.1663,0.34186
0.93428,-0.767,1.0568,0.48311,-1.7018,0.48348,0.20273
0.24591,1.5052,-0.31881,0.19259,-1.4357,-0.050921,-0.23774
0.43435,1.0967,-0.24587,0.95351,-1.9644,-0.57355,-0.64373
-0.16788,-0.076761,0.20914,-0.098989,-0.11441,0.046101,0.57875
-0.054341,0.010806,0.55961,-0.59674,0.62761,-0.34921,-0.32734
-0.24484,2.6295,1.1593,0.80271,0.18822,0.079546,-0.62497
0.88415,1.2055,-0.23577,-0.60733,-1.8165,-0.40477,0.29848
-0.29356,0.69456,0.59813,0.71285,0.25126,-0.22173,1.7695
-0.71845,0.14838,-1.2749,1.0399,-0.037632,0.083087,-0.48727
-0.70326,0.088899,0.92193,0.95333,1.0661,0.1216,0.41459
-0.33103,1.0998,-0.55302,0.90761,-0.90281,-0.29904,2.1219
0.019417,-0.083323,-0.065713,-1.1165,-0.55981,-0.10202,0.34859
-0.92274,1.3791,0.58897,0.83822,0.89128,-0.232,-0.55835
-0.83235,1.2399,-0.51627,-0.030311,-1.3919,0.77041,0.30354
-0.85997,0.99804,0.83345,0.81509,0.26365,0.93913,-0.3415
-1.693,-0.13996,1.4275,-0.14317,-0.30562,2.2859,0.12137
-0.64451,0.38711,0.92682,1.0016,2.1898,1.055,-0.22021
-0.58932,0.65226,0.25295,0.59937,-0.22148,0.50466,1.7325
-1.0868,0.94898,-0.64839,0.414,1.9752,-1.8635,0.22543
-0.62795,1.7766,-0.40992,1.4983,0.65994,0.44541,-0.39033
0.72407,0.12521,-1.0442,-0.19889,-0.23728,-0.80043,-0.37579
0.93506,0.95663,-0.0065665,0.60835,-1.4293,0.41129,1.0809
1.7991,-0.52104,0.45046,-0.41749,0.085871,0.082538,-0.26647
0.47145,0.5991,0.20352,-0.013492,2.5669,-0.11866,-0.73524
-1.0136,0.55417,0.50592,0.8013,-1.4762,1.0221,1.3207
-0.60008,-0.0044971,-0.39707,0.78223,-0.85736,1.5709,0.88683
-0.45317,0.0505,0.29917,1.558,-0.089412,1.1085,0.72315
1.0498,-0.36097,0.58968,2.3865,-1.2498,1.5475,0.51643
0.3852,0.59121,0.30452,-1.0198,-0.068416,-0.81206,1.2561
-0.067321,0.46565,0.51582,0.9614,0.92221,-1.5567,-1.1919
0.56017,1.5406,-0.25501,-0.52505,-2.2245,0.85695,0.81279
1.7801,-0.85459,0.39047,1.2578,-0.16546,-0.4394,1.7677
-1.0006,1.4251,-0.13872,1.5714,0.61523,-0.7754,-0.083604
-0.30957,-0.69904,0.2857,1.0999,-0.656,0.99474,0.76473
-1.5201,-0.67052,-0.20464,1.9233,1.0616,0.026086,0.93181
-1.3894,0.78464,1.1973,-0.45337,1.1729,-0.12863,-0.18103
-1.1079,0.90947,-0.81079,0.7931,-0.89147,0.7965,0.14649
0.44086,0.49811,-0.13777,-0.64962,-0.17432,-0.19697,0.37548
-0.35749,0.3639,-0.086626,2.0762,-0.57998,1.0524,0.55699
-0.46115,0.78707,1.1404,0.40111,-0.71742,1.6833,-0.30792
1.91,-0.70509,1.056,-0.64761,-0.27794,-0.085148,0.38306
-0.50974,-1.191,0.72009,-1.1337,-0.93832,0.27096,0.40326
-0.089357,0.37984,0.25509,-0.56921,0.1823,0.27136,-0.73947
-0.088411,0.28953,0.40476,-0.21882,0.33523,0.05013,-0.91517
1.2103,0.26088,-0.86715,-0.53397,-0.20433,-0.57777,-0.30836
-0.83474,-0.23616,-0.6884,-0.061396,1.5948,-0.57284,-0.58028
0.57671,-0.25407,-0.45747,0.33923,-0.67406,-0.34154,-0.091164
-1.0928,0.52617,0.35209,1.3013,-0.12938,0.89543,0.064617
1.0803,0.41103,-0.84053,0.6891,-1.6395,-0.65893,1.2559
-0.3787,1.5886,1.3441,-0.077184,-1.1271,0.25584,0.37061
-1.1154,2.8777,0.84344,0.41778,-0.23704,0.035073,0.99021
-1.2469,0.20048,0.83008,0.5819,2.1952,-1.1394,-0.67283
-0.48843,1.3341,-0.10057,0.47844,-1.8061,0.83925,1.15
0.22719,-0.33427,0.54109,1.5157,-0.21534,1.0652,0.7284
-0.88562,3.1834,0.98527,1.0943,0.38909,-0.10634,-0.6334
-0.2327,-1.7151,-0.87818,0.76036,0.63548,1.056,1.0264
1.4831,1.2211,0.72194,0.0033919,-0.8489,-0.96351,-0.52421
1.9192,0.21747,1.3279,-0.6051,-1.5344,0.01718,1.3831
-1.5755,1.2136,-1.7371,0.66423,-1.2421,0.16588,-0.40689
-0.13952,0.56055,1.5429,0.25166,0.11855,0.18414,0.53797
0.49202,0.046946,0.78466,1.1572,-1.569,1.3619,1.2881
-0.87388,2.6764,2.0232,1.5905,0.56885,1.4762,0.035024
1.3144,0.68384,0.85977,1.7679,-1.1108,1.2686,-0.14814
-0.17197,1.2484,-0.86659,1.5814,-0.74451,0.23149,0.16885
-1.2788,-0.52519,-1.0508,1.7488,-1.4237,0.41587,0.090323
1.6865,-0.63688,1.3128,-1.0833,-0.70814,-0.52142,-0.36002
-0.49093,0.32372,0.44071,-0.08186,0.48198,-0.46862,-0.18984
0.34946,-0.14015,1.7295,-0.094891,-1.6141,0.80662,1.5068
-0.1327,-1.1878,-0.5918,0.2445,-0.34582,0.94387,2.7368
-1.1474,1.5719,-0.4046,0.82538,0.94961,-0.60396,-0.15066
1.5225,-1.1402,0.46031,0.88154,-1.436,-0.037737,1.4655
-1.2983,-0.19482,0.36508,1.6648,0.43234,0.54806,1.0346
-1.6511,0.19158,-0.20757,2.5507,0.20014,1.9593,1.325
0.38545,0.93804,1.3733,-0.022672,-1.8994,-0.47452,-1.1146
-1.1043,3.1243,-0.54195,2.5411,-1.3801,0.7008,0.16691
0.58116,0.82559,-0.28147,-0.32951,-0.80339,-0.44128,0.51416
1.0836,0.0014931,0.30601,0.010523,-1.3409,-0.38965,1.5752
-0.58041,1.6763,0.7615,-0.49746,-0.17731,0.83657,0.14525
1.8612,0.18956,-0.03181,0.43583,-0.80115,0.17345,0.069016
-1.2355,-0.058729,-0.089853,2.3208,-0.58898,-0.37827,0.33565
-0.94894,0.77029,-0.20113,1.6721,-0.57964,0.95392,1.5751
-0.19201,-0.73057,1.4647,-0.061297,-1.724,0.86172,0.52471
1.9169,-1.1002,-0.32831,0.58595,-0.71725,1.184,1.2302
0.77759,2.1002,1.2915,0.81938,0.4269,-0.77107,-0.22826
-1.7752,-1.0676,-0.48745,-0.64549,0.68669,1.6767,1.6401
-1.4106,-1.0724,-0.45968,0.51087,1.0688,1.0123,0.42552
-0.45979,0.34574,-1.1825,0.20635,-1.2863,0.64059,0.98923
-0.94451,0.93757,0.18077,2.3196,2.1464,-0.2222,-0.11853
-1.3878,-0.1389,-0.8459,-1.2118,1.3419,-0.059031,1.2338
0.9477,-0.61038,-1.0115,0.4937,0.2743,-0.26532,1.7357
-0.43937,1.0173,1.0939,1.0018,-0.11526,1.4073,-0.21979
-0.28519,0.27208,1.1636,0.10945,-0.51532,0.50451,1.1564
-0.19024,2.027,0.5914,1.579,-0.8152,-0.57621,0.44511
1.6317,-0.94028,0.37003,1.0542,-0.94541,-0.34128,1.9102
1.0758,0.11291,-0.5515,1.4729,-1.9601,0.96992,0.27966
0.18611,1.5958,-0.39397,1.6751,-0.83637,1.6187,0.38171
0.7894,0.92785,0.36988,0.46208,1.3084,-0.058782,-0.90127
0.0053007,0.97243,1.5788,-1.6361,-0.82216,-1.0197,-0.14879
0.10645,1.7742,1.6617,0.53562,0.40399,-0.24878,-0.095103
0.41113,-0.083638,0.88641,0.98163,-0.90516,1.3448,0.84886
0.18183,-0.55377,0.70128,-0.61467,0.51757,-0.42753,-0.093583
-1.1438,1.4787,-0.43471,0.63246,-0.14673,1.321,0.53063
1.3703,0.32056,0.58887,0.84804,-0.68088,-0.14883,-0.32637
-0.23844,2.8058,1.8694,1.5545,0.54052,0.89143,-0.20164
0.35689,-0.36866,0.94814,-0.4324,0.5156,0.082458,-0.49462
-0.79112,-0.029071,1.0344,0.23086,-0.89174,1.4688,1.1387
-0.77549,-0.74172,-0.57869,2.3302,-0.40599,1.3802,1.6544
-0.14698,-0.4984,-0.16622,1.1078,-0.12981,0.91052,1.2294
1.2403,-1.0062,0.88962,-0.25021,-0.53746,0.72066,0.7166
-0.26038,1.6677,2.9051,0.76799,0.4232,0.53228,-1.6145
0.077162,0.045148,0.34865,-0.064985,-0.19632,0.47086,1.0941
0.3074,0.23529,0.49897,1.3697,-1.932,1.2562,-0.34865
-0.28218,2.7204,0.36091,0.86397,-0.97132,0.77858,-1.7889
0.72277,0.41297,1.2478,-0.3183,-0.2845,-0.74986,-1.1534
-0.05221,0.53704,0.12952,-0.53284,-1.5977,0.92137,1.9396
-0.19134,1.6891,-1.4386,0.38308,-0.12859,-1.5687,0.85289
0.046945,0.4792,0.035101,-0.30177,-0.46784,-0.2492,-0.62197
0.0053969,-0.040127,0.9182,1.0091,-0.48066,1.0418,0.6365
-0.30866,-0.41821,0.21321,0.089163,2.7882,-0.32852,1.3196
0.44848,0.56289,1.4559,1.0935,-1.6025,1.2973,0.61459
-1.1406,-1.9507,-0.35586,1.1693,-0.38921,1.6707,0.70645
-0.4475,2.8731,0.28006,1.6398,0.17221,0.18094,-0.17036
-1.5615,0.60247,1.0909,0.70372,0.064757,0.3276,-0.49412
0.14402,2.7171,1.8317,0.64497,-0.31106,-0.75781,-1.3588
-0.21041,-0.40267,0.46663,-0.28649,-0.22518,-0.47438,0.68962
-0.59026,2.1056,0.89896,0.41254,-0.9241,-0.75652,1.3744
-0.096297,0.82374,0.4958,0.86666,-1.0208,0.67825,0.36507
-1.1487,-1.0435,0.71161,-0.36782,-0.067251,1.3852,0.3673
1.9052,0.96567,0.18594,0.076347,-0.12575,-0.60778,0.23296
1.4414,-0.081788,1.3189,0.83333,-1.5609,1.7621,0.51603
-1.2315,0.52174,0.091885,1.2785,-0.16733,1.8128,0.56591
1.1509,-1.2497,1.0498,0.66365,-1.4172,0.54183,0.49041
-1.1418,0.73144,1.381,1.6945,-1.0884,-0.037882,1.1746
1.4352,0.39678,1.1354,0.41624,-0.24302,0.28411,-0.8175
-1.3423,0.68783,-0.36862,1.3365,1.2616,0.17095,1.1834
-0.20851,0.21677,1.2162,0.67133,2.0132,-0.26109,-0.42107
2.1466,-0.21321,1.1007,0.30866,0.61581,-0.49414,1.0198
0.56495,0.015968,-1.0462,0.5392,0.58267,-0.85362,0.062919
-0.30005,0.74839,0.21632,2.3431,-2.1148,1.1853,-0.43423
0.22679,-1.3609,-0.5935,-1.0304,0.95339,0.31101,0.86861
1.379,1.441,0.85387,1.4828,-0.98523,-0.64524,-0.29709
0.84425,-0.38568,-0.67338,-0.63159,-0.18663,-0.7992,0.35161
-2.2175,-1.0078,-0.93141,1.0475,0.58416,2.0511,1.1964
1.4421,-1.0583,0.80583,-0.9428,1.4727,1.311,-1.1611
0.81389,-0.63528,0.57641,-1.0566,-0.22677,0.94489,-0.41897
-0.89139,2.5351,2.2594,-1.1534,0.56519,-0.29767,1.1965
1.0221,-1.1492,-0.10096,-1.4984,-0.67764,-0.089674,-0.17834
0.58663,0.11788,1.7549,-1.3961,-1.2197,0.22073,-0.42971
0.50379,-0.99414,0.91307,0.059193,0.69486,0.32474,0.7234
-0.45606,-0.19203,-0.21638,0.18592,-3.1436,-0.031014,-0.40702
-0.90461,-0.22191,1.8274,-0.9859,-0.16488,0.23309,-0.38097
0.37343,0.22425,0.3903,1.7915,-1.6574,1.3746,1.2949
-0.92656,-0.34693,0.22349,1.9231,0.049658,0.27102,1.1502
1.1352,0.099284,2.0118,-0.058423,-0.014222,0.030084,-1.1293
-2.2535,-0.5808,-0.99784,0.43978,0.66997,1.3205,1.0623
-0.61189,0.57628,0.85452,-1.7484,-1.6984,0.29425,-0.99485
0.79899,-0.39523,0.33533,0.68472,-0.049374,-0.35033,0.4402
1.6029,-0.092878,0.0083405,-0.40921,-1.8452,-0.27599,0.91045
1.1981,-0.063963,1.1551,0.26405,-0.18296,-0.37964,-0.33877
-0.56184,2.069,0.99827,0.93953,-1.0454,-0.063119,0.72282
1.4975,-0.55504,0.9494,-0.78633,0.37482,-0.12729,-0.47537
-0.66502,0.090138,0.91242,1.0361,-0.41888,0.31569,1.4224
-0.47692,2.2802,0.54081,1.0765,-0.94384,0.11345,0.25359
-1.3804,3.3996,1.5778,-0.67769,-0.23431,-0.4273,1.2389
0.99473,1.2047,0.71366,-0.51044,-0.63724,-0.61781,-0.93986
0.9707,-1.5771,-0.77981,-0.29778,1.5855,-0.42692,-0.32297
1.0554,-0.24705,1.8504,-0.51538,-1.5486,0.40916,0.37872
-1.4504,-0.15562,0.012552,-1.4819,0.10308,0.18744,1.2759
-0.38941,0.2519,0.42996,-0.19536,-0.19737,0.19254,-0.47953
1.2457,-0.92649,-0.14263,-0.014918,1.4038,-0.23598,1.1384
0.30018,1.9772,2.4996,0.39816,0.9645,-0.27401,-1.4507
-0.10716,2.7424,2.3915,0.17459,0.88631,0.081785,-1.2431
-1.458,-0.035374,-0.62381,0.12078,1.9064,1.0994,1.0967
-0.91243,0.13743,1.0726,1.2561,0.29667,0.34781,-0.024013
0.73844,-0.062748,0.40895,0.24053,-0.22994,-0.30147,0.049178
1.4408,0.2551,0.39164,1.4083,0.005307,0.7504,-0.018489
-0.49532,-1.1508,1.4075,-0.55307,2.258,1.3107,1.212
0.058802,1.4288,1.386,0.42138,-1.3051,-0.31621,1.0035
-0.90877,1.9262,1.3564,-0.30072,0.33459,-0.52665,1.9988
-0.47318,2.4038,1.0635,0.0062983,-1.2391,-1.0711,-0.93998
-1.8418,-0.081805,0.60528,-0.36137,0.35681,0.054198,1.3034
-1.495,1.3614,-0.00097788,1.79,1.4358,-0.1653,0.22094
-0.23802,-0.24219,0.21761,-0.73181,3.1067,0.70879,1.7451
1.538,0.15546,0.14533,0.90114,1.2579,-0.31651,0.39094
-0.55499,-0.07533,1.0871,1.077,0.46087,0.19736,0.69174
0.70475,1.3032,-0.16227,0.20541,2.0934,0.070657,-0.85817
1.182,-1.8081,-0.053456,0.090914,-2.1736,-0.34718,0.60766
1.4973,-0.23122,0.47323,0.24417,1.5811,-0.82888,0.85486
0.57046,0.67393,-0.44158,0.51833,2.5073,1.0661,0.90948
2.1086,-0.38145,0.059878,-0.86252,1.3293,0.18618,0.44286
0.50957,-0.49783,1.0926,-0.0051952,-0.97391,1.3862,0.03511
-0.91758,0.025033,0.49936,1.3632,-0.97849,1.6325,0.39138
0.12982,-1.0195,-1.3622,-0.83403,-0.70999,0.38524,1.2154
-1.3378,0.76479,0.89841,0.98006,0.83205,0.32384,-0.7728
-1.3936,2.1098,0.95975,1.5562,0.4874,-0.11953,0.40791
1.1967,0.31201,1.0421,-0.49866,0.3644,-0.50441,0.75222
0.15342,-0.12593,0.21335,0.26112,0.61319,0.37045,1.6283
1.0047,-2.3992,0.97238,-0.34629,1.6285,0.24974,0.98992
-1.4871,3.2647,0.60312,0.55985,0.53043,-0.31178,1.0763
0.038795,0.79495,-0.9964,0.85471,-2.1648,0.85254,1.3008
-0.2093,-0.34947,1.2883,1.2306,-0.66145,0.96988,0.58865
0.14443,1.1141,-0.26916,0.38604,0.31929,0.75286,1.0951
1.5904,0.36457,0.95084,-2.0605,-1.1768,0.10964,0.70583
-1.2768,1.0243,-0.44019,2.0716,1.1672,0.37987,-0.34313
-0.15141,0.73279,0.011794,1.2315,0.81206,-0.42153,-0.85777
0.24519,-0.30348,0.30221,-0.31901,-0.20965,-0.79108,0.30054
-0.18067,-1.6061,0.46091,-0.6069,0.44629,0.82159,0.35717
-1.0584,0.74845,0.22869,0.59438,0.4373,0.78881,1.512
1.4896,-1.3432,0.80441,-0.77424,0.19548,-1.4268,-0.84994
-1.3655,1.3972,-1.081,1.5203,1.6078,-0.39904,0.76745
-0.72919,0.79588,0.26293,1.5262,1.5597,0.21472,-0.75544
0.58976,0.24044,0.2521,1.6603,0.92233,1.08,0.83976
0.070981,0.27555,1.0397,0.36419,-1.8603,-0.63538,-0.79365
0.34274,-1.1313,0.54706,0.92482,-0.1435,-0.6736,-0.008252
-0.28131,0.70173,0.33731,0.49699,0.26211,0.1098,1.2201
-0.38589,-0.16689,0.91371,0.0085362,0.3709,1.0564,-0.20769
1.9113,-0.8453,-0.041089,0.3045,-2.114,0.24652,0.52916
-0.31093,0.66656,1.6298,1.2724,-0.14338,-0.41458,-0.63673
0.19992,0.86588,1.3939,0.30833,-2.4134,-0.45611,-0.64846
-0.11977,0.072728,1.1583,-0.3808,0.51789,0.73989,-0.011186
0.075239,-0.29819,0.19898,-0.32186,0.7905,-0.3128,1.1351
-1.4792,-0.56592,0.16182,-0.27775,0.7398,-0.46215,1.1825
-1.6934,0.19264,1.3516,0.067467,-0.15047,1.6089,0.88079
0.51234,-1.3267,-0.38541,-0.41699,0.4089,-0.32902,0.058009
1.4068,-0.0045292,-0.43647,-0.64271,0.33657,0.033811,0.47196
-0.89582,2.2488,0.2115,0.68608,1.2072,0.065754,0.06702
0.10545,-0.16787,1.8994,1.0521,-1.5697,1.0649,1.579
-0.046418,0.50114,0.031298,0.62981,1.8625,0.73499,0.5509
0.021603,0.0059392,-0.080404,-0.6137,0.63276,-1.4634,-0.73485
0.70822,0.6537,0.43777,0.25152,0.096764,1.049,0.31177
-1.274,0.35974,-1.5714,-0.48769,0.13736,0.0625,1.244
-0.91795,0.60217,-0.67057,0.47515,1.8576,0.15066,1.6375
-0.052072,0.55903,0.24263,1.4077,0.87783,-0.77143,-0.30821
-0.97786,1.8863,1.1876,0.7007,0.089232,0.093248,0.69263
-0.45494,-0.78244,-1.6606,-0.88157,0.66424,-0.5645,-0.61307
-1.4633,2.2332,0.11371,0.79695,-1.656,0.27015,1.2563
1.6813,-1.4947,-1.2041,0.29346,1.6619,0.0049946,0.99095
-1.0625,0.0053937,-0.074978,2.2167,0.2673,0.71553,0.71558
-0.7368,-0.60831,0.6952,0.76456,2.174,1.362,-0.012673
-1.2267,0.62921,0.55294,1.7342,-0.29841,1.2044,0.9428
1.8917,-0.72187,0.33992,0.79986,-2.1003,0.069297,1.2529
1.7844,1.0727,0.26299,0.4416,-0.58085,-0.14868,0.55502
1.4272,0.69343,-0.097857,0.13541,-0.27769,-0.13868,0.52093
-0.24696,-0.51094,-0.74484,0.29121,1.0072,1.356,1.7844
-0.0067132,-0.29663,-0.39237,0.25529,-1.5128,1.2424,2.0712
-1.2945,-0.71402,-0.90598,2.522,-0.46061,1.4282,0.24021
1.4426,0.44633,0.63351,0.55355,-0.32272,0.0076301,-0.82305
-0.84169,0.093248,-0.21194,0.84822,-0.34458,-1.0504,-0.32067
-1.0437,1.1636,-1.2215,1.9176,2.0394,-0.19786,0.43349
0.28034,-0.77645,1.3265,0.52342,2.1964,-0.95223,-0.78316
2.0523,-0.91522,0.98792,-0.35112,0.86406,-0.90899,1.0334
0.88264,-0.45003,1.2319,-0.81253,0.079965,0.43997,-0.58088
-1.1188,-0.34555,-0.3144,-1.5916,0.96985,0.87405,0.97967
-0.89991,-0.054212,-0.18353,1.3111,-0.63722,0.66976,0.39297
0.12633,0.49225,0.019339,2.6006,-1.7345,1.3498,-0.87855
0.86446,1.2089,0.64227,1.5282,-0.53682,0.71078,-0.37355
1.527,1.3815,0.594,1.6841,-1.9307,0.83604,0.30146
1.4771,-0.69139,0.31429,1.0417,-1.7012,-0.28376,1.3797
2.4441,-1.0574,0.55565,-0.11006,0.50363,-0.6948,0.66196
-1.174,-0.74687,-0.52516,0.50542,-0.059699,0.72828,1.3336
-1.3894,0.19072,0.62628,0.89571,1.9307,-0.078449,-1.2623
1.2398,2.0172,0.46619,1.2737,-1.3838,-0.90823,0.54184
-1.0601,1.4483,-0.43459,2.7451,-1.548,1.9251,0.85739
0.82276,1.0688,0.85648,-1.6085,-1.231,-0.14157,-0.68397
-0.12337,-0.84898,-0.6231,-0.47879,0.044956,-0.12963,0.6566
1.3222,0.38646,2.1315,-0.66035,0.18428,-0.501,-0.99919
-1.3372,1.4957,0.11828,0.72863,1.1652,0.63257,-0.51947
-0.036975,-0.76604,-0.54933,-1.1843,-0.35357,0.34867,0.66126
1.2003,0.56074,-0.61665,-0.041158,0.12996,-0.70765,-0.93729
-1.2207,-0.37154,0.7934,1.9889,-0.58497,1.1129,0.70842
-0.017092,1.8445,-0.11844,1.5881,-1.291,1.1964,0.18448
0.31992,-0.34247,-0.19092,1.7658,-0.50204,0.41926,2.0789
0.56059,1.7159,0.4589,2.2453,-0.26406,0.97828,0.12647
-0.48109,-0.36274,-0.088364,0.85801,0.47283,-0.25236,0.43323
1.551,-0.7979,1.0563,-0.44466,-0.75864,0.30251,0.3207
-0.801,0.27557,0.82852,1.6517,-0.18384,1.0171,0.62192
-1.9354,1.2901,0.47453,0.12372,-0.85187,1.4817,0.59926
-0.82701,-0.052872,1.0222,1.1721,-0.45579,0.69212,0.38651
1.0508,-0.90523,-0.22167,-1.3205,1.4256,-0.71884,1.4189
-0.53879,-0.16073,-0.15572,1.4739,-1.5469,1.753,0.26526
-0.65729,-0.50047,0.53281,-0.63419,2.0818,1.4794,1.5476
2.1344,0.27821,2.4297,-0.42792,0.40908,0.15443,-1.0226
0.087651,0.74759,-0.53598,1.7622,0.80053,-0.28606,-0.54277
1.9553,-1.8021,0.27818,-0.92054,2.1832,0.015061,0.098604
-0.99776,1.4139,0.1396,0.67163,-0.22106,-1.7305,-0.19702
1.0786,0.81129,0.010658,0.41361,-1.2631,-0.091476,1.079
-0.33619,-0.1482,0.5479,-1.1115,1.9128,-0.33945,2.1706
-1.2472,-0.91849,-0.26049,2.0557,-0.26519,0.32574,0.64545
-0.56838,1.4145,-1.1964,1.3814,-0.18423,-0.46885,-0.19651
-0.18662,-2.2854,-0.61959,0.50485,0.018292,1.6718,1.1571
1.5562,-0.79713,0.25333,1.6759,-1.348,-0.31596,1.82
0.60698,1.1656,1.7991,0.6098,-0.35871,1.2595,-0.47795
-1.3243,2.3821,0.19043,1.5797,0.2538,0.62467,-0.12676
-1.2503,-0.69268,0.20056,2.2648,0.30726,1.3112,0.5693
-0.43814,-1.1185,0.218,1.974,-1.3679,2.3208,1.3247
-0.11761,0.71619,1.7248,-1.5768,-1.4854,-0.67936,-0.17998
0.67098,-1.8444,0.30044,-0.45816,1.4655,1.9353,0.59338
-1.4574,2.7541,1.0416,0.11987,-0.59396,0.48035,-1.3096
0.77125,-0.1654,-1.0428,-0.50692,0.091512,-0.97709,0.28464
-1.8099,0.66785,-0.051251,0.75124,0.60843,-1.052,-0.65216
-2.3306,1.0294,0.96641,0.65505,1.3457,-0.13199,-0.27377
-0.23097,0.19909,-0.087393,1.7598,-1.6563,1.1736,0.073874
0.98759,0.38287,1.2703,1.6982,-1.2815,1.4883,0.44071
-1.0318,1.6132,0.93643,-0.36017,-0.8886,1.1631,-0.66046
2.1624,-0.74693,-0.22093,1.2266,-1.8719,1.1652,1.2122
-0.35884,-0.085244,0.35598,-0.32159,0.82565,0.64294,-0.68332
-0.7269,0.64917,-0.34664,-0.055032,-0.53781,0.71861,0.46715
0.94541,0.9912,0.68819,1.7513,-1.532,0.1149,1.0037
-1.4096,0.62565,0.35869,0.21035,-0.5851,0.44002,0.80204
-0.24824,0.88679,1.5961,-1.3336,-0.87775,-1.2592,-0.15289
0.53242,1.0436,-0.2861,0.84691,-0.9091,0.92848,0.78824
-0.47918,-0.94252,-1.4117,-1.2751,-0.43304,0.6493,0.86077
0.0016591,0.41323,1.0187,-0.12728,-0.031163,-0.8543,0.96207
0.27934,0.9858,-0.17799,0.9117,0.90236,0.42685,0.54073
1.1998,0.75647,0.15822,-0.32213,-0.379,-0.46384,0.15874
0.35558,-0.23998,-0.98043,0.58383,-1.2873,0.26596,0.84661
-0.44133,1.6673,0.071167,2.3837,-1.671,0.43869,0.69412
0.95115,0.016933,-1.1502,-0.28925,-0.13908,-0.93478,0.11401
-0.10625,-0.086752,0.65413,0.27879,-0.39754,1.1,2.0152
-0.20011,-1.4845,-0.79352,0.67077,0.68287,1.4607,0.87218
0.031112,-2.3537,-0.72548,1.4662,-0.1174,1.9194,0.54961
-1.9974,0.43501,1.2494,0.83572,1.3015,-0.22817,-0.87071
-0.90073,0.41943,1.5935,1.1785,0.054597,0.3966,1.3614
0.10373,-0.022305,0.22378,0.13409,0.62583,0.59574,1.5836
-0.18513,0.62556,0.6446,0.29766,2.4875,0.82009,-0.16425
0.58935,-0.13228,-1.1218,-0.28101,-0.081941,-0.89872,0.13836
-0.45764,0.82093,0.82797,0.16109,-0.23493,-0.44797,1.8526
-0.24994,-0.50718,0.53062,-0.53801,-0.036891,-0.46152,-0.25568
-0.62295,2.0339,0.16415,2.1561,-0.26394,0.31474,-0.82837
0.1744,-1.2076,-0.20392,-0.80091,-0.3578,-0.51684,0.39097
-1.2646,-0.89221,-0.25445,-0.23199,1.1221,0.90157,0.50055
1.612,0.048413,1.3318,-0.64196,-0.36824,-0.11535,-1.4693
0.32541,-0.34751,1.7218,0.28889,-0.58661,1.3235,1.0644
-0.67039,1.7393,0.87308,1.2851,-0.77277,-0.10394,1.0323
-1.8068,-0.4873,-0.18105,2.3347,-0.7794,1.7903,0.96851
0.71282,0.38584,0.92347,2.3834,-0.54635,1.2469,0.88428
0.18352,-0.21063,-0.031739,-0.09958,0.064255,1.0934,0.38137
-0.96718,-0.52216,-0.77627,1.8715,0.63746,-0.30237,1.5697
-1.735,1.7186,1.8944,-0.21673,-0.062436,1.3551,-0.58098
1.7339,-0.10977,1.5902,0.015229,0.68637,-0.92515,0.36414
-0.75494,0.21552,0.97205,-0.95488,-0.76424,-0.22066,-0.5939
-0.20869,1.3216,1.3534,0.026675,-2.221,-0.49982,-0.888
-1.2627,0.76795,1.785,1.062,1.0507,-0.075387,-0.6279
-1.6251,1.7102,1.2499,0.33064,0.70275,0.24083,0.047333
-1.5444,0.097378,-0.21466,1.282,0.25934,1.4787,0.85607
-0.34259,-0.061097,0.33264,0.57233,-0.77658,0.055544,-0.35759
-1.2532,0.63764,0.89053,1.2744,-0.5213,0.98739,-0.26826
-1.0695,-1.1705,-0.0023054,0.56514,0.321,1.753,0.92448
0.17355,0.64851,-0.41508,0.20758,-0.48765,-0.69217,0.33152
1.1793,-1.8892,1.0091,-0.98391,2.4328,0.31043,-0.76029
0.21631,-0.62942,-0.70286,1.1827,-1.8117,0.95775,1.4089
-0.95516,0.30151,-0.022527,1.3267,-0.26454,1.1151,0.58581
1.0408,1.1164,1.6724,1.0795,-0.47796,0.0013874,-0.65884
-1.5021,1.1872,1.1673,1.0779,0.67278,-0.058956,-0.62917
-0.14447,1.7029,-0.072444,0.59292,1.2944,0.15242,-0.60481
0.10145,0.84593,-0.049763,1.4388,0.19729,0.52558,-0.42699
0.97783,0.10939,-0.8639,0.94728,-0.13865,0.67775,0.62634
-1.2356,-0.17865,-0.14025,-1.2644,0.43983,0.3632,1.0958
-0.6327,1.1435,0.72877,-0.62974,0.99544,0.29925,1.9011
0.53367,1.2368,-0.72182,0.50872,-1.5653,-0.51036,0.7883
-0.25637,-1.5176,0.14325,0.15761,1.493,1.7325,-0.070967
-1.6341,-0.16413,-0.024191,2.18,-0.48672,-0.12431,0.15813
-0.31228,-0.46499,-0.89125,-0.45725,1.2816,1.0231,1.0132
2.4218,-0.50025,0.55511,-0.63788,0.51198,-0.61243,-0.043796
-1.5555,1.5398,0.6253,1.927,0.61226,0.84458,0.95028
-0.41197,-0.40594,-0.59787,1.8929,-0.37727,1.6484,0.95244
-0.16157,-0.29768,0.24078,0.18849,0.087849,0.20543,-0.17901
-0.80235,0.07413,0.9443,0.39168,1.0219,0.13423,0.79354
-0.64214,-1.3494,-1.3352,-1.0091,-0.57361,0.55795,1.0119
-1.7278,-0.43856,-0.62445,1.7392,-0.79715,1.513,0.98803
-0.093456,0.84641,1.6887,-0.98423,-1.8374,-0.65069,-0.34254
-0.01276,0.90334,-0.36777,1.3472,-0.84788,0.66086,1.5934
1.6733,0.02938,1.2354,-0.89357,-0.045652,-0.11136,1.0168
2.2243,-0.22499,1.7574,0.35058,0.21418,-0.88952,0.32948
-0.36878,-0.41391,-0.24639,-0.92673,1.6403,0.0015986,1.4003
-0.5384,-0.50488,0.32282,0.36982,-0.14484,1.8958,0.53234
0.93327,-0.26332,1.0014,-0.41315,-0.66347,-0.61414,-0.42266
1.3501,0.80647,0.04638,1.0305,-1.5631,0.71406,-0.090548
0.92639,-1.248,-0.20417,-0.89565,1.673,-0.26631,-0.29966
0.44273,-0.98689,0.19578,0.96025,-2.954,1.8449,1.7372
-0.016233,1.5912,-0.38745,2.1295,-2.1224,0.50856,-1.1494
-0.73392,1.6184,1.1006,0.19155,0.23395,-0.4892,1.663
0.083424,0.07943,-1.2173,1.0138,-1.4268,0.35166,0.61505
-0.38392,0.55624,0.75561,-0.73563,0.56767,1.0616,0.010299
-0.35743,-1.0251,0.387,-0.26448,1.8422,1.572,0.30585
0.41827,-1.4853,0.49161,-1.124,0.012084,-0.66439,0.26583
0.91,0.10482,-0.1662,-0.20908,-0.61123,-0.07116,-1.3803
-1.0314,0.51695,-0.081583,0.90284,1.3759,0.39715,0.74466
-1.0698,-0.035789,-0.67226,2.3933,-0.58401,0.51776,0.57898
0.35922,-0.65014,1.8983,-0.44567,-0.18997,1.0316,0.18108
0.62989,-0.77862,1.0764,0.30024,-0.41042,-0.91485,-0.22937
0.34221,0.19728,0.58595,0.085478,2.7102,1.4945,0.69784
0.18314,0.045614,-0.46745,0.69318,2.1556,-1.0964,1.5948
0.61532,-0.080663,-1.0903,-1.145,0.41159,-0.80197,0.15438
-0.50118,-0.007734,1.2295,1.7955,0.62425,1.3101,0.57343
0.21032,-0.51867,0.60469,-0.88855,-0.050639,-0.47563,0.41721
0.11755,-0.41341,0.40386,0.6817,0.54825,0.55302,1.0892
0.31809,0.91679,-0.6268,3.1439,-1.3423,0.66859,1.1928
-1.2088,-0.47095,0.26603,2.0213,-1.2819,1.9222,0.71846
-1.0047,-0.63242,-0.16838,2.2292,-0.84826,2.0587,1.267
2.0677,0.58907,0.6314,1.6243,-1.9461,0.26515,1.0377
0.69255,0.2174,0.056476,0.12659,-1.1546,0.62907,1.6995
-1.2158,1.1674,-0.62311,0.88218,0.51198,-1.7995,0.52922
-0.70826,1.2882,1.0862,-0.4094,-0.68319,0.13307,1.0341
-0.91844,1.0683,-0.29969,2.4102,1.8058,-0.033328,0.44011
-1.1141,1.481,-0.010488,0.58576,-0.99183,0.79926,0.11319
-0.93035,-0.59905,0.43644,1.8361,-1.371,1.564,0.87131
-2.2229,0.8418,1.3286,1.0585,0.44222,0.2808,0.3332
-0.039917,0.68992,0.039473,1.6996,-1.022,1.1295,1.0496
-0.96554,2.2481,1.3491,0.44249,-1.0159,0.11868,0.68856
-1.0183,-0.067854,1.2201,0.49131,-0.64774,2.2197,0.41188
1.9203,-0.82185,0.18377,0.93468,-0.66881,0.00070237,1.3961
0.26643,-1.6134,0.74712,-1.0445,-0.20021,-0.1845,0.42205
-1.7835,0.55764,0.64133,0.8405,0.62099,0.68007,-0.30092
-0.13467,-0.4179,-0.69074,1.0588,-0.12723,-0.72857,-0.34378
-1.7394,0.70107,1.6616,0.88264,0.34165,0.37751,0.57992
2.1182,1.0982,0.7152,-0.63283,-0.37274,-0.73161,-0.28326
-0.72226,1.6869,-0.0075094,2.4141,-0.1511,-0.28247,0.2361
0.08809,-1.1241,0.19577,-0.26871,-0.21485,0.11095,0.63708
-1.0131,0.21158,-0.69113,1.8883,-1.3012,0.097819,0.21271
-0.31137,1.5385,-0.76595,0.53179,-0.84771,-0.96616,0.93032
-0.78667,0.51698,-0.37691,2.4363,-0.16777,1.2968,0.43459
-0.34475,0.05712,0.67617,-0.031863,0.069079,1.1345,0.75071
1.3418,-1.9247,0.95494,-1.9753,1.0226,-0.49219,1.1838
0.046038,1.3632,-0.25687,1.0779,-0.89534,-0.79342,-0.083552
-0.45814,0.24943,-0.14518,0.10249,0.41947,-0.27653,-0.81886
-2.3269,-0.628,-1.0067,1.0397,-0.011322,1.2175,0.81009
-0.81386,0.89527,1.3185,0.28839,1.0524,0.3364,0.57499
-1.5036,1.1028,-1.3742,1.235,-1.5505,0.054544,-0.27379
-0.056652,-0.57622,-0.21122,0.41969,-0.53394,0.27854,0.38822
-1.6676,0.65742,1.0817,0.8495,-0.62189,0.53763,0.39089
0.34863,-0.32251,0.24949,0.39636,-0.059714,2.4296,0.42836
-0.74222,3.5262,0.45724,1.4857,-1.1367,-0.69875,0.57182
-0.32319,0.046994,0.21744,0.74254,-0.34158,1.1523,0.64423
1.0472,0.74758,0.025017,-0.30247,-0.7591,-0.66686,0.37021
-0.4789,-0.78357,1.5662,0.022939,0.78442,0.98118,-0.29558
0.51307,1.0957,-1.2026,2.233,-0.57581,-0.13514,-0.11357
-0.02824,0.30347,1.6818,0.083704,0.9723,1.3929,-0.34333
-0.48304,-0.75781,0.93897,0.0044753,-0.84711,0.52973,1.346
0.036078,-0.04393,1.7551,0.17152,0.017974,0.45638,0.30366
-0.17722,-0.84297,0.58331,0.17779,-1.6075,-1.0377,-0.25838
1.5016,-0.57398,-0.92212,1.372,0.3006,-1.0107,1.5594
-2.3157,0.74547,1.6028,0.4031,0.45761,-0.55335,0.56837
0.24648,-0.27591,-0.33225,1.9783,-0.28948,1.7023,0.23568
-0.39615,-0.26302,0.23429,0.10662,0.21241,-0.69365,-0.67492
-0.95937,1.5221,1.6405,-0.37676,-0.56846,1.2643,0.030031
-0.46106,-1.3121,-0.94,-0.0040606,0.27487,0.25183,0.90381
-0.4395,0.60927,-0.58849,2.4049,-0.91049,0.83155,0.68843
-1.1925,0.26367,0.76294,0.81919,-0.30998,1.1674,0.14828
-0.49692,-1.5333,-0.16099,1.3998,0.40216,1.2297,1.636
0.27508,-1.0946,0.98208,-0.3225,0.67263,-0.49066,0.23585
0.23228,0.93221,-0.73298,0.65984,-1.8906,0.10754,1.7486
-0.68719,0.45154,0.21889,0.10027,-1.1153,1.1502,1.5467
-0.40404,-1.1423,-0.53041,0.41449,0.85007,0.40749,1.7596
-2.0132,0.35539,-0.36796,-0.74072,0.23847,0.46663,1.1571
0.61219,-0.31439,-0.52933,0.042525,0.43872,0.58576,-0.88899
0.0087453,-0.070954,0.9891,0.7207,2.2197,-0.26452,-0.17108
-0.11341,0.37,1.557,0.62458,-0.95238,1.1925,1.5806
1.5757,-0.35349,-0.0075842,0.62697,0.40918,-0.060169,1.3039
1.346,-0.45808,0.79262,0.21339,-0.73322,-0.18329,0.17895
-0.22184,0.044285,0.72617,1.1434,-0.96693,1.6727,0.013211
0.93981,0.2098,0.56235,0.39933,-0.63579,1.3842,0.86248
-0.35104,0.52949,0.53733,1.4668,2.3394,-0.4663,-0.54243
0.092063,-0.93583,0.29576,-0.99656,-0.23152,0.61832,0.41236
-0.076409,-1.8333,-0.19113,0.69932,0.4566,0.55218,1.6103
1.0337,0.39855,1.8285,1.0532,-1.5099,1.8567,0.22629
-0.089772,0.29916,-0.074192,2.1503,-0.7807,1.2219,0.075714
1.6225,0.77719,1.7196,1.7126,-1.84,1.0566,0.4592
0.10146,0.69625,-0.50738,0.38526,1.4675,0.89601,1.2731
0.62223,1.8287,1.2092,0.87663,0.14711,-0.74446,0.14477
0.0092834,0.52336,0.04743,0.96354,0.10136,-0.9279,-0.42067
-0.28479,1.4607,0.92457,1.2037,-0.066216,0.55312,0.67818
-1.3685,0.17625,-0.48525,0.5629,-0.6969,0.18466,-0.10627
-0.58965,1.0494,1.4348,-0.88538,-1.1835,-0.10734,-0.60275
-1.1033,2.4405,0.37878,2.4991,-1.3169,0.96336,0.4768
-0.59477,0.96904,-0.63189,1.1503,-0.67304,-0.16066,0.92662
1.207,0.17666,0.19945,-0.78287,-1.2005,-0.019336,0.46977
-1.5142,0.90216,0.14693,1.0936,1.6495,-0.15197,0.25575
0.56672,-1.2992,1.6063,-0.84796,1.7542,-0.062656,-1.2535
-0.68188,0.56798,1.3103,-0.63175,0.51608,-0.063255,-0.37797
1.0654,1.1261,0.72735,1.9124,-1.1729,0.79457,0.20453
-0.26258,0.10174,0.55672,-0.3673,0.65136,0.025506,1.2419
-0.16157,-0.45224,-0.91612,-1.2168,-0.21263,0.56118,0.78395
1.1192,1.1764,0.96647,2.1012,-1.1314,0.45102,-0.022416
1.9167,1.2576,-1.6525,0.26619,-0.51322,-0.79324,0.33486
2.0323,-0.010128,0.51567,1.3902,-1.8209,1.1181,1.2775
-0.030624,-0.20275,0.31818,0.44469,0.46157,-0.76193,1.4651
-0.88747,0.41376,0.63267,0.51547,0.53655,0.59105,0.78652
-0.61078,1.881,1.731,1.6117,-0.032193,-0.10199,0.53132
0.030635,0.58247,0.79551,-0.37133,0.057686,-0.38033,0.82671
0.33193,1.7775,1.6249,1.4534,0.62361,0.84439,0.24519
-0.79201,1.9362,1.6123,-0.57428,-0.069078,-0.77388,-0.34622
-0.049535,0.47192,-0.3426,1.2374,0.65359,1.0111,1.1182
2.1515,-2.3433,0.72186,-0.84777,3.0133,0.63,0.27619
-0.73421,-0.67999,1.5317,-1.7392,0.58504,2.7233,0.3977
-0.45638,-0.85516,1.3188,1.6689,1.4992,1.7357,0.17708
0.5636,1.3052,1.1864,0.54857,-0.15576,-0.94112,-0.13585
0.28834,0.29713,-0.86087,-0.0312,-1.6961,-1.8554,-0.55205
0.24658,-1.1833,-0.80656,0.20976,0.4253,-0.18941,0.5832
-0.44067,0.31234,1.6319,1.1944,-0.088039,0.46906,1.3849
0.37763,1.517,1.1861,1.1659,0.35206,0.79791,-0.71403
1.1692,-0.29465,0.21163,0.45035,-1.7765,1.3357,0.94229
0.045024,1.1083,-0.72894,1.1674,-1.2156,1.4634,0.60804
0.22529,1.5314,-0.55971,0.70421,-0.48101,-1.7161,-0.021345
-0.21061,0.13107,0.50563,-0.54808,-0.031449,-0.80181,-0.095706
0.085042,0.16407,1.0455,0.69661,-0.98801,-0.062123,-0.69862
0.41134,-0.64277,-0.093115,0.94658,0.77984,1.2552,1.5432
-0.56475,-1.1873,0.19943,-0.64229,-0.98107,-0.34481,0.82775
-0.73725,-0.26619,0.036207,0.32915,-0.81424,0.94381,0.38263
-1.5543,0.77143,0.83457,0.61433,-0.66022,0.78044,0.19752
0.20089,2.0282,0.44398,2.0537,-0.42311,0.63182,0.79672
1.4933,0.56342,0.3034,1.0606,-0.31879,0.79118,0.4108
-0.28664,0.49552,0.53113,1.4917,-0.86413,0.31189,0.9996
0.80552,-0.62772,-0.57921,0.70674,-0.11599,0.34743,1.8534
1.5416,0.71652,-2.1386,0.58928,-0.50604,-0.56195,0.39478
0.53462,-1.2046,1.2958,-0.49094,1.5433,0.34639,-1.2102
-0.36153,-0.50553,1.6893,-0.018735,1.9403,1.2861,0.54899
-0.41107,-0.1494,-0.097737,1.2495,0.47303,0.36311,1.5346
-0.24107,-1.2224,1.884,-0.32697,-0.12286,1.3073,0.46822
0.20717,-0.76268,1.0117,-0.53674,0.85889,-0.29426,-0.36546
-1.0327,1.8059,1.8802,0.68204,0.046224,0.35752,0.496
-0.50511,-0.78525,-0.90824,-0.5503,-0.51575,-0.1844,0.75355
-0.36896,-0.24915,1.3236,0.56803,0.32961,0.22645,0.14799
1.3715,-0.36364,-0.4429,1.1188,-2.4209,-0.24337,1.6466
0.17863,-0.038337,1.0496,-0.076326,-1.2938,2.2474,0.70145
-0.17492,0.80532,1.7002,-1.9758,-1.4383,-0.45974,0.072971
-1.1767,1.2248,0.35128,1.2031,1.0716,0.044315,0.85247
-1.9506,0.83556,0.56391,1.2465,1.1907,-0.01912,0.60963
0.46173,0.56738,0.27283,1.0404,-1.2715,0.23562,1.2359
1.152,0.31692,1.0734,0.51533,-1.0486,-1.0075,-1.1042
0.83093,0.57836,-0.04329,-0.71112,-0.84481,-0.011519,0.49421
-0.52336,-0.63839,-0.033666,1.5202,-1.5908,2.8556,1.3746
-1.5521,-0.95142,1.1347,0.093319,-0.54469,0.86661,0.92725
0.19021,-0.2788,0.16164,0.20366,-1.3054,1.0666,2.0177
-0.53384,0.71072,1.6485,0.99452,0.30641,-0.43132,1.1632
-0.03209,-0.14417,0.096629,-0.96362,0.44069,-1.4071,-0.70954
-0.14766,-1.0819,-0.026599,-0.3059,-0.8695,0.59585,1.1918
0.67462,0.5549,0.29359,0.22571,-0.75629,0.74041,-0.54207
-0.49053,0.49353,1.0297,1.4508,0.00094655,1.4923,1.3521
-0.015176,0.57699,0.90251,-0.10671,-0.63054,-0.96873,0.36926
2.0848,-0.91366,0.72895,-1.2826,0.73683,-0.38414,0.30595
2.1248,1.5193,-0.67355,-0.017936,-0.51576,-1.1665,-0.093394
-0.30794,1.1667,-0.63018,-0.5939,0.9096,-1.3526,-0.76265
-0.87681,-0.3044,-0.23397,0.31095,-1.2543,-0.29987,-0.09757
-1.3612,2.1725,1.3037,1.3504,0.17583,0.48344,1.0532
-0.9236,0.39722,-0.001148,-0.12395,0.72635,-0.56569,1.0402
1.8878,-0.8844,0.46713,0.74344,1.4518,-0.98557,1.6847
0.0048302,-0.053962,-0.36624,0.1974,2.2843,-0.42335,1.3167
1.1378,1.4029,0.54333,1.6116,-1.4422,0.32389,0.52812
-0.2371,-0.69041,-1.2274,-1.337,0.074887,0.61446,0.48943
-0.38288,-0.50588,0.50057,1.3686,-0.95881,2.2014,1.0232
0.43025,0.1603,-0.4804,0.18157,-0.14468,-0.73671,0.36977
-0.38189,0.21249,-0.23081,2.6764,-0.82801,1.9506,0.84971
-1.5217,0.53029,0.040868,0.4505,1.427,-0.92347,0.23245
-1.2087,1.0039,0.50463,0.97435,-1.0318,1.0144,0.13037
1.3746,0.84072,0.65303,0.65316,-0.70899,0.49161,0.68196
-1.3193,1.8161,1.1564,-0.49567,0.61899,-0.43903,0.2756
-0.68684,0.77464,0.021337,1.4268,0.043953,0.88752,-0.33102
-1.1268,-0.9859,0.51463,-0.19568,1.7835,1.0197,0.15142
-0.54356,2.8322,0.65843,2.0254,-0.36325,-0.31297,-0.15009
0.020987,1.4954,-0.41043,-0.0030024,1.9688,0.95111,0.61999
-0.041065,0.96651,-1.5521,0.63177,-1.2407,0.22908,1.6417
-1.2995,0.1448,0.27722,-1.2234,-0.14931,1.1548,0.65312
-0.34244,-0.64153,-0.54846,-0.090871,0.11306,1.1464,1.4401
-1.4286,0.61189,1.0619,1.1681,-0.42091,0.31373,0.038601
1.0643,-0.18882,0.09791,0.24514,0.2874,1.0394,0.90752
-1.6669,3.3951,1.959,2.2906,-0.1132,0.81014,-0.74999
1.1365,-0.83772,-0.23864,-0.61787,0.83169,-0.60348,-0.92686
1.8264,-1.5344,-0.25296,0.73493,-0.73046,1.7626,1.0665
1.2624,-0.49986,1.0887,2.0954,-0.90451,1.4649,0.1614
-1.1727,0.14963,-0.45939,2.1005,1.808,-0.29921,1.0058
0.97884,-1.9376,0.68174,-1.175,1.8965,-0.56625,-0.74603
1.4842,1.0745,0.97924,0.92707,-0.78714,-0.22794,0.41759
0.44155,-0.41676,0.22571,-0.019143,-0.95838,1.4567,1.3105
-0.26075,-0.0067425,-0.075714,1.4438,-1.2831,1.3143,1.4602
-1.4385,0.66829,-0.086732,-0.3112,-0.75593,0.13422,1.0564
-1.1673,0.47658,-0.18425,-0.18934,1.5375,-0.88785,-0.4561
0.67113,-0.48725,0.73603,-0.79477,-0.14108,-0.12415,-1.092
0.023826,-0.13814,0.28277,0.47282,-0.38589,0.73429,1.2874
-0.1892,-0.91534,0.60065,-0.98432,0.66862,1.8207,0.54275
-0.49333,2.0332,0.072948,0.6899,0.51141,0.77395,-0.76854
-0.84936,0.62103,2.0345,-1.883,-0.47317,1.6858,-0.18766
-0.36238,-0.47518,0.34559,1.1594,-1.5709,2.8915,1.0576
-0.17509,0.15193,1.0985,-0.44663,-1.6496,-0.085587,-0.47176
-0.27606,0.85799,0.82184,0.69181,0.10703,0.056194,1.3153
-0.44951,-1.4635,0.95162,-0.61859,1.2342,1.5476,0.60606
-0.77734,1.9101,2.5927,-0.60604,0.76749,-0.024231,1.2155
0.499,-0.85564,-0.33685,0.60765,1.5971,1.4119,1.0586
0.5121,0.30996,0.82989,-0.82086,0.33078,0.85146,0.91322
1.658,1.6412,-0.57342,0.90169,-0.65728,-0.89494,0.4708
0.97786,-0.39341,0.64359,-1.2785,0.40675,-1.766,-1.1584
0.010037,0.5573,0.351,1.6878,0.22087,-0.47364,0.20527
-1.4742,-0.86549,-0.16443,-0.43709,1.6931,0.72562,1.1582
-1.3819,-1.9613,-0.92182,0.99427,0.87385,1.9543,1.2277
0.42672,-0.36173,-0.16788,1.9518,-1.6122,1.5926,1.2651
0.18017,-1.2289,1.3017,-0.2163,2.3601,-0.31924,-0.48578
-0.063376,-0.39513,0.12483,2.677,-0.54296,1.4728,0.021274
0.043653,2.0099,-0.36661,0.46462,0.86082,-0.083057,-0.15061
0.11101,1.2122,-0.11023,0.87821,-0.18458,-0.57016,0.14143
-0.16759,0.96542,-0.68315,-0.0068777,1.3529,0.58491,0.84525
1.0884,-0.32009,0.23921,1.5456,-3.1877,1.9293,1.2589
-0.51506,-0.019397,0.77457,0.57714,0.25764,-0.87455,0.88319
-2.1174,-0.70166,-0.89668,0.68321,1.1809,0.18558,1.7192
-0.13906,1.4894,0.49286,1.0692,-1.9778,1.7955,-0.41793
0.36971,-0.67663,-0.15273,-1.5615,0.68996,-0.37303,1.2573
0.099752,-1.2529,0.82485,-0.92665,0.95788,-0.60724,0.28356
-1.1213,-0.11418,1.1548,1.0344,0.62242,0.14464,-0.14829
1.1582,0.34265,-0.32064,0.70784,-0.83507,-0.51826,-0.35196
-2.0933,-0.49879,-1.5019,1.4213,0.87247,0.31999,2.3379
-0.72286,0.49674,-0.98438,1.8004,1.4771,-0.20543,1.2293
0.30379,1.3345,-0.64794,2.307,-1.4573,0.7686,-0.58085
0.43745,-2.4886,-1.0781,0.7228,0.96686,1.6752,1.315
-0.0034844,1.0597,-0.58113,0.87252,0.39954,-0.85319,-0.71758
-0.71037,-0.25055,0.065668,0.47451,-0.78331,1.4931,1.7768
-0.83257,0.54566,-1.2204,-0.40878,0.30516,-1.4765,0.73776
1.7364,1.4095,-1.1839,0.34546,-0.87841,-0.27189,0.43098
0.14375,1.5328,-0.5169,1.2139,-0.17042,0.81227,1.0959
0.81519,0.3193,-0.65311,1.1855,-0.0065345,-0.30567,0.17786
-0.58063,-0.22838,1.0921,0.434,1.2201,1.4062,-0.43885
-0.15296,0.48071,1.7547,0.17775,0.036858,0.031178,-0.2026
0.016398,0.35749,-0.74761,0.83278,-0.91501,0.85413,1.2372
1.7604,0.29844,2.0748,-1.2269,-0.31885,-0.57835,-1.4689
