-0.36718,0.51391,1.661,-2.0046,-0.34484,-0.46867,0.93297
-0.61301,1.8596,1.1477,0.10511,0.80867,0.21168,-3.9236
1.5995,-2.9059,-2.2473,1.4152,0.44069,0.30165,1.7668
2.7223,-1.5377,0.32693,-4.2404,3.6184,-0.62966,-1.8271
-1.6273,1.2009,-0.63515,0.14899,0.80376,-2.636,2.5379
2.4442,-0.50973,-0.93681,-0.99328,-0.91077,-0.93565,1.6085
-1.058,0.98141,0.55878,1.2937,-0.66499,-0.82351,0.52391
-1.1044,-1.423,-1.5991,2.7387,-1.1274,3.7785,2.7556
-0.14465,1.0087,2.2293,-2.1047,-3.3395,0.020427,2.4805
-2.4099,0.063634,1.5524,1.1301,-0.66216,3.7046,0.34159
-0.25446,-1.4678,-2.0962,-0.54663,1.1251,0.89183,3.1586
-1.6649,4.5383,0.5783,3.5115,0.87995,-0.30782,-1.982
2.9943,-1.2551,0.37496,-0.08566,-1.1387,-1.459,1.2846
-2.8732,0.88275,2.3493,-2.9462,1.3865,1.7356,1.2476
1.6856,-1.1668,-2.0447,-0.92699,3.1048,-0.79009,0.21747
-1.5408,-1.0587,-0.29532,1.0309,1.4591,0.53271,-0.32854
1.0061,-0.46922,-3.3142,-0.19354,-0.25939,0.48693,-0.78533
2.5543,0.33636,-1.6993,-0.46938,-0.27405,-1.8924,0.68134
0.68927,0.086032,0.93463,-1.0632,0.55515,-1.2968,1.6837
-1.9324,3.0947,0.75178,2.9701,-3.2568,-1.2216,-0.0054788
-1.9832,-0.018825,-1.062,0.96403,-0.8638,1.5303,0.71625
-2.1656,0.25175,2.7101,-1.9754,1.4684,1.7298,-1.8054
3.7673,-1.7338,1.3493,-0.5362,-0.26707,-2.3692,-2.4111
2.953,-1.2387,0.35965,-2.7416,2.8422,-3.2157,-0.28869
0.62293,1.6959,-2.2694,-3.4422,3.7498,-0.88192,-1.7221
-1.7019,0.81211,2.8137,-1.1334,1.1828,-0.58895,1.9794
-2.7856,0.52853,3.3682,-1.5121,0.063137,2.9613,-0.29406
-1.8692,1.9699,3.2427,0.38567,0.42104,-0.91084,-1.3682
-0.037906,0.8088,2.2935,-0.49496,-1.72,2.0764,0.11625
-0.45211,2.5918,2.8528,2.1968,-0.93307,0.34018,-4.3422
1.2022,2.4402,1.8171,-0.77053,-1.0454,-3.0083,-2.0257
-0.86722,0.33313,0.60057,0.36197,-0.47354,-0.90608,1.5024
-1.9998,-0.64623,1.0564,0.66853,0.099647,3.9751,0.37678
-0.78049,1.9543,0.49365,1.3712,-2.0903,3.6053,-0.27044
-1.7441,-0.063961,3.5839,-2.0974,1.8103,-1.4295,-0.70111
-0.62734,0.55887,1.5768,-0.58989,0.096069,-0.075789,-0.90672
3.4903,-1.4058,-0.10045,0.46993,-1.3261,-1.2457,0.3167
-1.5606,-0.22366,0.53016,-0.3908,0.69108,2.4685,-1.3734
3.349,-2.8912,-0.47829,-2.0414,-0.5683,1.601,-0.43665
0.15236,-0.16621,-0.30503,0.65392,-0.57949,1.7591,-0.9661
-0.80981,1.0166,3.1212,-1.593,-0.91011,0.67871,-2.3908
-0.18371,3.7367,0.38473,1.5179,-1.1478,0.3559,-1.415
0.63768,-2.1119,0.37372,-3.014,0.99273,0.62093,1.8267
-1.8933,2.7468,1.4565,2.3712,-0.35413,-0.32428,-3.0422
-1.4639,0.94647,3.9602,-2.0231,-0.60201,0.88957,-1.6082
2.8055,-2.957,-0.034517,-1.5077,3.1629,-0.45482,-0.87432
-2.8169,0.54432,2.9453,-2.808,1.8032,3.0754,-1.3098
-0.17373,2.7709,1.2389,0.038516,-1.9036,-0.20984,0.39895
-1.8006,-2.2103,-0.24287,-0.87601,2.7244,1.017,1.9053
-2.5989,1.0977,3.4615,-1.8162,1.0855,1.5717,-1.67
3.3865,-2.9399,0.56072,-0.04544,-0.85825,1.0253,-2.0988
-0.011371,0.4472,1.6053,-0.29281,0.00025807,-0.88613,-0.020507
-0.83365,0.66445,-0.1554,0.73944,-0.86416,0.82645,-3.1648
-0.17266,3.4781,2.0896,-0.5887,-0.32863,-0.99792,-2.5393
-2.1152,0.28152,-1.1619,3.6011,-1.1866,2.5839,1.6413
-1.0408,-0.30164,0.12801,1.7585,-1.5022,0.25411,3.213
-1.9731,1.4501,1.7849,-2.2972,0.47031,0.45282,-1.8426
-1.6101,2.6311,-0.69448,-0.21181,-1.9831,-1.4622,0.065641
2.6882,-1.2994,0.67913,-1.508,-2.3837,0.3121,-2.5973
-0.40673,-0.71549,-1.6253,0.98475,1.2017,-1.2622,3.1065
2.8565,-3.1166,0.36643,-1.8924,0.90545,0.48548,-1.2458
-1.8736,3.7307,2.1091,0.94843,-0.91679,-2.4403,-1.0916
0.8567,-1.0571,-1.9416,0.98672,-0.3392,1.5966,-1.1464
-0.1669,-2.1729,-1.7003,0.88692,2.4209,1.0652,-1.9552
-0.48523,-1.5614,-1.7528,1.6841,0.54207,0.31358,2.7033
2.4341,-2.4754,-0.43659,1.0978,-1.8532,0.21552,0.50732
-1.8062,3.0649,-2.5954,3.1001,1.8662,-1.8718,-0.4554
-1.9806,-0.3536,0.60485,0.85708,-0.35199,3.8487,2.3503
-0.85516,0.089078,3.4898,-5.7971,0.71939,0.090444,-1.4635
-1.0767,0.011985,-0.82553,0.17609,1.3142,-1.0155,0.8997
3.6509,-3.2254,0.22802,-0.90505,-0.22438,1.5318,-2.3378
3.0272,1.3069,1.3212,-0.62974,-1.0765,-1.9577,-3.6999
0.63999,-0.7165,-1.1322,2.7316,-2.4513,0.47542,-0.21711
-1.8322,-0.66786,1.0625,0.81093,-0.69478,3.9213,-1.641
0.25369,0.098324,0.082143,-0.80613,1.2873,-1.4728,2.3799
-1.8194,2.0421,1.826,2.7269,-0.57406,-1.9106,-2.1717
0.38662,1.1158,0.16668,1.492,-1.1757,0.11259,-2.6983
3.4965,-0.21461,-0.67845,-1.2865,-1.4035,-1.5022,1.4298
0.6496,0.52592,2.1094,-2.3494,-2.5024,0.44298,1.5293
0.95587,0.26967,2.3987,-4.1931,-0.72518,-0.079535,-1.4472
2.2144,0.11835,-0.16081,-0.010772,-1.5248,-1.4797,2.849
1.8819,-2.66,-2.1652,0.17147,0.45187,0.35805,2.8837
-0.012189,3.9274,1.986,-0.95678,-1.2454,-1.3576,-4.204
2.6819,-1.5242,0.89796,-0.96279,-1.2099,0.50837,0.97182
0.052936,1.2323,1.4225,0.17234,-3.2485,1.6191,-1.7135
-2.2234,-0.060907,-2.2448,1.4917,0.74147,1.1897,3.1768
0.2234,0.62735,-1.1196,-0.14116,-5.1427,3.4167,-0.29595
1.1361,-1.673,-0.12891,-2.835,1.7794,-0.048313,0.035339
-0.40725,-0.17202,0.75926,0.36877,-0.34719,2.5134,-1.474
-0.56411,-2.8096,-1.1568,-3.7672,2.951,-0.26919,2.3256
3.6491,-1.4497,-0.73895,-2.7996,-1.2687,-1.0548,1.1849
-1.6884,0.16419,-1.0589,2.1705,-1.2604,0.74907,0.25747
0.73465,-2.0558,0.26314,-1.9617,0.94955,0.12936,-0.053192
-0.41335,-3.0341,-2.7901,1.5699,2.8882,1.7982,-0.13051
-0.20008,0.78834,1.6905,-1.2836,-2.5274,1.6,1.8992
0.14193,0.14446,-1.5673,0.74583,-0.12362,1.5706,-1.1652
0.71655,0.16303,-1.5375,0.49405,-0.87461,-1.0905,1.1857
2.3749,0.032171,0.057276,-1.391,-0.9038,-1.1268,1.931
-0.091422,-0.4176,0.34815,-0.25992,-1.1083,-0.85221,1.8394
-0.37532,0.6099,2.6976,-1.5602,-2.3833,1.2819,1.6318
-1.2264,1.5579,-1.5486,0.65832,-1.6656,2.7787,1.8357
3.6886,-2.9312,1.3764,-2.0807,-0.77868,1.9831,-1.507
1.3143,0.66892,-2.1475,-1.7658,3.5505,-0.51811,-2.0166
-0.46578,0.64881,1.1051,-2.0058,1.3315,-1.2741,2.0664
1.2781,-1.2625,-0.79912,-3.6531,2.3368,0.16333,-0.46352
2.6271,-1.4021,-0.19166,-3.926,2.2075,-0.34042,-1.5908
-1.3686,0.49436,-0.73107,1.6466,-0.89048,1.93,-2.3834
-1.707,-1.194,-0.13249,1.1193,2.2007,0.30442,0.53601
0.80656,0.83494,1.2881,0.93045,-2.6077,2.1908,1.4377
-1.6559,2.3758,1.623,2.596,-1.1895,-0.6486,-3.0534
3.3283,-2.0574,0.60169,-4.4832,1.7111,0.33065,-1.3502
-2.3409,-0.056117,1.3384,2.044,-1.5323,3.524,2.129
-1.2279,-1.2576,0.28669,-0.33812,2.9791,-0.9618,-0.32238
-1.7281,2.1685,-3.206,-1.3546,1.0262,-0.045891,3.7063
-0.75561,-1.1605,1.9264,-0.69474,-2.2342,2.3081,3.0779
-1.3173,-1.454,-0.033596,-0.47844,1.2672,3.4727,-0.62211
1.9403,0.14565,1.2505,-0.98362,-0.16215,-2.2343,0.12917
2.7792,-1.4172,0.53729,-3.8905,2.8891,-1.7467,-1.2453
0.2599,2.2199,0.35184,0.29593,-1.8741,-2.7408,-0.16794
1.2232,-2.4803,-0.64527,3.0555,-0.91399,0.30833,-0.48269
-1.7184,-1.0188,0.7537,-0.82033,1.1925,1.6129,-1.7879
2.4734,-1.9697,-0.49174,-2.6459,1.9055,-0.91653,-0.87012
0.85472,0.82991,2.6037,-0.61667,0.2511,-2.4688,-0.69901
-1.6578,0.43401,-2.9007,-0.35262,3.3526,-0.75622,2.9525
-0.065805,-1.8242,0.44088,-3.1789,2.891,-0.27481,0.37183
-2.136,3.3733,0.4862,1.0018,-3.5024,-1.7669,0.50122
0.92338,1.2234,0.20807,2.1309,-2.9853,-0.16427,-2.2848
-1.3617,1.6044,-1.0139,-0.60833,-1.6349,2.3422,1.526
-1.8946,0.78194,3.7493,-1.1643,1.0768,-0.65202,-1.0108
0.20614,2.5343,2.0653,-0.49852,-2.0531,-1.9117,-0.49255
3.625,-1.6595,-1.389,-0.16152,1.4713,-1.1469,-0.068033
-1.0927,-2.599,0.14741,-1.2582,2.1843,3.4335,1.1827
-2.5342,1.7874,-2.2743,3.642,0.814,0.07005,-0.59762
0.9914,-2.2982,-0.42266,-0.95056,2.0158,-0.35129,1.1552
-1.4517,-0.65002,2.1862,0.0084388,1.3251,0.24681,1.4331
-0.71399,-2.2425,-1.2847,1.9649,1.1296,1.8349,2.5907
-0.07054,-0.44655,-0.19658,-2.1484,1.3423,-1.241,1.8173
-2.2914,-0.3092,-1.1012,1.6239,0.029284,2.6055,2.8362
0.32303,-0.67316,-0.5813,0.81439,-1.1594,1.7265,-0.68571
0.46871,-1.571,0.29551,-3.1716,2.0281,-0.60665,-0.39653
2.433,-0.56644,2.2986,-1.4939,-1.6003,0.91112,-1.3884
0.00217,-1.0116,-1.9176,1.8197,-1.1762,3.0596,3.5881
-0.46521,2.5823,0.70452,-0.35547,-2.0284,-0.83244,-1.9011
-0.86102,3.1038,-0.53144,4.0253,0.29259,1.6911,-2.7504
2.5075,-1.3437,-1.5463,-0.74946,0.75862,-1.1107,-0.15005
-1.3144,1.9669,3.5218,0.30169,0.24262,0.88143,-2.6794
-2.2852,0.57303,-0.073672,3.0454,0.6805,2.3319,0.34863
2.835,-3.3625,0.76667,-0.63362,0.61645,1.2875,-1.7692
-1.4668,-0.9332,-1.3732,1.143,-0.72571,2.0312,2.7118
-2.2475,-0.98788,-0.63989,-0.12808,3.0689,0.56044,1.0736
-1.2246,2.6577,1.9257,0.1981,-1.5681,-1.0481,-0.15761
2.4822,-0.45741,0.24633,-4.1273,3.3386,-2.4599,-1.5627
-2.0048,3.1253,0.88356,0.94317,-1.3439,-1.5277,0.13987
2.0728,1.7345,3.1204,-1.066,-1.2743,-2.135,-2.9106
-1.2004,-0.72614,-0.22983,1.1104,-0.22113,0.36936,-0.14813
1.6633,1.274,-0.61553,-0.71827,1.3597,-1.7587,-0.78621
-2.0535,4.1555,1.2989,1.6157,-0.61408,1.3162,-0.3018
-0.77148,-2.7334,-1.1892,-0.82506,3.1272,1.4236,-1.0203
-1.1843,-0.61486,3.2178,-0.51085,0.49029,0.97283,0.25716
3.242,-2.6698,1.7236,-1.1104,-0.65984,1.8289,-3.2474
-2.0395,1.4652,-0.70607,-0.16129,0.12255,1.0891,2.6164
0.32565,0.30635,-1.0195,-0.93141,0.73047,0.00095949,-2.2926
-2.4285,0.99217,-0.12164,0.77119,1.2455,-1.3166,0.41617
-1.5731,-2.9189,-1.8209,-0.75949,2.5102,0.070343,2.9517
-1.3279,1.959,1.1906,1.2154,-2.2092,1.7373,-0.58456
-1.8914,3.5236,0.99199,1.7662,-1.1979,-1.6898,-1.9358
3.6687,-2.5114,-0.081521,-2.6589,-0.78997,1.5765,-0.19113
-2.5161,0.16368,-1.0857,1.5791,-1.2936,1.6353,1.0588
0.61185,-0.96903,-1.207,2.3743,2.3852,-0.89388,0.016235
-1.3308,-0.40875,0.94212,-0.38291,0.26258,4.0299,0.038169
-0.3434,-2.3741,-0.87973,0.7823,1.2268,2.7545,1.9678
1.3922,-0.60916,2.1533,1.5849,-0.58264,-2.2537,0.4698
2.4676,-2.383,-1.1224,-0.45006,1.1493,-1.6345,0.34292
3.3117,-2.6987,-0.79061,-1.5449,1.6116,0.03684,-1.8375
-1.6866,2.3145,-1.2215,0.96588,0.35847,2.1139,-1.4417
-1.8209,-2.3171,0.14991,-3.0617,3.3343,1.1189,0.84719
-1.6504,0.11344,1.7424,-0.4762,-0.19197,2.4304,-1.7284
-1.6858,0.038645,2.7517,-0.12957,-1.9279,3.0972,2.126
1.3732,-1.6667,-1.0178,0.94826,2.6236,-1.3569,-1.7545
2.3741,0.87067,-0.79191,-0.27665,0.32454,-2.5652,-0.84814
1.249,-0.9612,-0.63403,-2.6199,2.578,-0.34445,-2.6199
-1.8513,-0.74361,-0.85189,-1.2995,-0.4762,2.7959,1.7247
0.071999,0.85339,-1.6045,-0.91502,-1.4409,0.14151,2.7091
0.26999,-0.38387,0.68357,-2.2086,0.49431,-0.67287,-0.64244
0.2924,0.70441,2.7342,-1.2792,-3.2548,-0.071218,2.5684
1.5552,-2.6484,-2.2568,2.1959,0.31588,-1.1551,2.7067
-1.9491,0.76552,-0.91056,2.3015,-2.4194,0.60167,-0.061277
0.36091,-1.6946,-1.0279,0.40817,-1.6665,1.2427,2.4279
2.2153,-0.9853,0.60725,0.42959,-1.7084,0.47835,0.18556
-0.9874,0.18621,0.94038,0.87372,-0.39773,2.148,-2.6916
3.4743,-0.4264,-1.0027,0.1576,-1.6017,-1.7924,-0.28058
1.727,-0.48789,-2.4293,-0.34708,1.782,-1.7478,0.42823
1.9582,-1.1565,1.6009,-0.28825,-0.34507,-2.6331,1.1473
3.5834,-1.3827,3.1816,-1.1228,-0.32753,-1.5687,-2.57
-1.1532,0.086901,0.003996,-0.71783,3.5027,-0.5019,-0.42487
-0.29523,-2.4494,0.69557,-1.0265,2.8731,0.10504,0.85627
-0.38061,-0.19901,1.9495,0.62066,-1.0522,-1.622,0.41247
-0.15261,-0.053086,-0.32653,0.89879,-0.31241,0.58273,0.42704
1.6154,-0.98236,0.45604,0.16591,-2.3919,-0.3032,0.23628
0.74377,-1.0623,2.0926,-0.22585,-1.651,0.27558,0.59356
-1.5415,1.7758,0.3352,1.2476,-2.2422,-0.62723,-2.1018
-1.1463,-2.3412,-0.87296,-3.0947,2.5932,0.54293,1.2306
-2.395,3.3825,-1.6431,2.3945,2.8061,-2.2682,-0.78379
0.7424,1.6733,-1.7257,0.88383,-1.5628,-2.0231,0.46279
-2.0418,0.60959,0.14489,2.797,-1.9053,1.2879,2.8356
0.20163,-2.1324,0.29759,0.34751,2.1117,1.224,-0.77742
3.565,-2.3222,-0.406,-3.5378,2.7224,0.11105,-1.877
-2.6717,2.7992,0.0082113,1.2278,1.7414,-2.4792,0.0080463
-0.81394,3.1236,-0.80057,4.4224,-0.25021,1.062,-1.5047
2.8243,0.16974,-0.099242,-0.19258,0.94998,-4.6485,-2.4768
1.8333,0.2492,0.11413,0.78915,0.86652,-2.9014,-1.0365
0.97474,0.42922,-0.30091,-2.3321,3.623,-2.0403,-1.5174
1.6614,-1.0173,0.97262,-2.2799,0.37284,0.69829,-0.8321
-2.2026,2.5464,1.8352,0.34944,-1.2927,-0.61504,0.86108
-1.9791,-0.33629,-0.52731,0.69533,-2.0938,2.8357,3.1191
-0.9665,0.59345,-2.5323,-2.0032,0.74812,-0.063788,2.1174
-2.6855,0.62417,-0.47632,1.5952,-0.97156,0.66327,0.53152
-1.8461,-1.0597,0.58659,-0.96726,2.2833,0.17962,0.56151
0.70601,-1.1144,0.32395,1.6591,-3.0759,-0.20554,-0.50128
0.10277,-2.5051,-0.79724,-1.9279,2.4376,1.2973,1.0369
1.5784,-0.38278,-0.48565,-2.807,-1.6978,-1.0189,1.7365
-0.49934,-0.90387,-0.75683,-1.2794,2.9862,0.47669,0.46977
-1.5996,-0.31256,-0.33574,0.58764,1.0288,2.5877,-0.96822
0.82243,-1.0688,-1.0945,-0.56914,2.8628,-0.082542,0.33769
-1.6442,-1.1421,-0.11097,-0.07432,0.93038,1.8439,-1.6852
-0.53176,0.11324,1.3273,1.3954,0.15245,-2.4368,0.66981
3.5021,-1.873,0.94133,-2.6781,3.2214,-0.19635,-2.6022
3.4561,-0.67918,0.52868,-2.1483,-1.4551,-2.65,0.99789
-0.46397,0.88989,-1.1502,-1.2894,-1.5179,-0.38328,2.3734
-1.4691,3.3455,-0.21912,-0.067196,-2.7723,-1.3713,-1.4368
-0.83251,-1.6936,-1.0126,3.2879,2.3728,-0.44083,0.99713
-1.6665,-1.4592,0.30089,-1.6747,2.6181,1.8346,-0.61727
0.66899,1.517,-1.3754,0.31603,2.7868,-2.7996,-1.6419
-1.2461,-1.0173,-3.0164,-0.12753,2.2131,2.6863,1.1594
-2.3209,1.4561,-2.1775,-1.4213,0.036672,-0.44513,3.5196
-3.1877,-0.4135,-0.91842,-0.75969,-1.7664,2.8029,5.7533
0.69601,-3.407,-2.1103,-1.5974,1.1627,2.5045,4.3175
0.95203,-3.5092,-1.5519,0.42693,0.90747,0.85747,2.315
-0.44163,-0.50294,-0.55337,-1.4408,2.7867,-0.89942,0.68412
-0.272,0.32661,-0.66984,-3.4955,3.1131,-0.34144,-1.6635
0.13187,3.6215,1.0922,0.86566,-1.9868,-1.2692,-3.2422
-0.80273,-0.5901,1.7589,0.33039,-1.7251,1.8821,1.4722
-2.1764,0.09849,-1.2772,2.3538,-2.1256,2.3994,1.943
-1.5279,3.9122,1.5373,1.5317,-0.5623,-1.0786,-2.8426
-2.7366,0.96708,2.6828,-2.4364,1.276,0.57254,0.17295
-1.5298,2.7081,-0.076165,0.060699,-2.7235,-0.98612,-0.55892
3.1689,-2.179,-0.46275,-2.8884,-0.14981,-0.27965,1.0699
-1.5844,1.9682,1.7627,-2.2376,-0.20806,-0.81836,2.9118
-1.1432,0.20679,-0.39031,1.2683,-0.42735,1.3795,-2.2985
-1.4247,0.29373,1.0478,-0.74758,0.25943,-0.03251,1.5474
3.5711,-2.8883,-0.055787,-1.7165,2.5841,0.045148,-2.213
-1.7907,-1.9025,-0.26564,-1.0123,1.68,4.0777,1.3166
-0.50967,-0.79751,-0.97327,1.9102,-1.3841,0.11446,2.0862
-0.8109,-2.2624,-1.708,-1.5491,2.2387,0.23358,2.3487
-2.007,2.7829,-0.5847,0.8326,-1.3058,-1.698,1.1378
1.6985,-2.5439,-0.55439,-0.27374,0.58503,-0.60795,1.9494
-1.759,-0.98881,-1.43,-0.70272,-2.2171,3.3705,4.5293
-1.7168,-1.746,-0.78116,-1.0389,1.4862,4.3368,0.22128
-2.6428,0.18463,1.8609,1.143,-0.73815,2.2716,0.89046
-1.459,3.2273,-0.83897,1.4067,-0.65155,1.3252,-0.9253
2.6893,-1.6854,0.54519,-3.8941,1.8055,-1.1122,-1.3742
-0.020208,-0.11086,2.0513,-0.63032,-3.9164,0.61804,1.1973
1.3921,1.5502,2.8844,1.7398,-0.36088,-2.336,-3.181
-0.94761,-1.2037,-1.3831,-0.1452,0.89755,0.75,-0.5026
-1.1727,0.94389,-2.7352,-1.3457,-1.1007,1.6919,3.2081
0.63028,3.213,0.95343,-1.1914,-2.0629,-1.8938,0.18241
-0.06875,-0.67998,-1.5446,1.1627,0.66344,1.1691,-0.81156
-1.5021,3.8432,-0.087929,3.905,0.36676,0.97379,-2.8194
-1.0666,0.63148,-2.3775,3.5193,0.90428,1.2555,-0.25406
-0.74555,0.79123,0.85809,-1.6343,-2.2753,1.7157,-0.19998
-1.523,-0.70978,-1.8402,-1.7155,3.0401,-0.78843,1.3203
-0.86255,-0.81835,-1.6157,-0.23007,-1.5374,1.5839,3.2814
0.20513,-2.3297,1.7226,-2.5117,3.1172,0.041496,0.13742
-1.5502,1.7275,-0.56213,0.41548,-2.1024,-0.18158,-0.53813
-1.7856,-0.52695,-0.17983,3.4563,0.36808,1.7355,0.013468
-0.84819,2.592,1.87,-0.12164,-1.5263,-1.7712,0.79263
0.40174,-0.33036,-0.4286,-1.7772,3.8524,-3.1475,-0.46417
-0.55855,1.8743,2.7717,-0.12423,-4.2276,-0.59979,1.8091
0.24147,2.5789,0.55902,1.1558,-2.1959,1.8619,-1.7896
-0.93795,0.18457,0.24383,1.9557,-1.5374,-1.0006,-1.6402
-0.098668,-0.39904,0.13431,0.42095,-0.046601,2.2612,-0.97332
0.0014834,2.3472,1.1883,-1.7243,0.076598,-2.462,-0.39761
-1.772,0.072401,0.26842,-0.39682,-0.36306,3.3372,0.98352
-0.33129,-1.0263,-1.433,1.0233,1.8351,0.46661,-0.97018
-0.16266,-0.91581,0.86465,0.17778,-1.6293,-0.048418,0.72073
-2.2083,-0.72217,-0.40388,-0.1965,3.0218,0.0097787,0.96837
1.041,0.34425,-0.89871,0.02006,-3.3365,0.60499,1.8431
-0.89526,-0.94895,-0.76146,3.4807,1.7559,-0.26991,0.80281
3.0595,-1.4282,0.74881,-2.5283,3.7482,-1.4785,-1.6852
2.1274,-2.6951,-0.74887,-0.80893,1.4889,-0.95498,0.49281
-2.4978,3.4554,-2.0274,3.8011,1.7094,-0.47483,-1.2054
-1.0159,-0.42212,3.0133,0.22897,-0.034939,0.66272,-0.78587
-1.4121,1.3295,4.0177,-1.1956,0.65871,-0.1688,-1.3704
0.80699,0.22053,0.18781,1.2617,-2.6867,1.5553,0.97935
-2.2951,-0.29561,0.83866,-1.6297,0.71886,3.2211,1.7638
0.85419,1.6455,0.53986,3.0556,-2.7752,0.12989,-4.6842
0.43109,0.24053,0.13855,-1.3124,0.71711,-1.1491,-0.33416
0.7654,0.19171,-2.1808,1.1846,0.015472,-0.52877,-2.8973
2.2098,-1.6867,0.68634,-0.92434,-0.54915,-1.1259,0.65849
-3.3113,-0.30757,0.48058,-1.0253,-1.4085,4.5329,3.8407
-0.059433,-0.66603,-1.5555,1.3527,1.1949,0.33329,-2.0632
-0.14472,0.95424,3.5746,-1.1571,-3.7039,-0.50355,2.8041
-2.1469,1.7377,-1.9593,2.4086,0.99982,-0.35351,0.18568
-1.2888,-0.76809,-0.24829,0.37591,-0.016699,0.58671,1.1351
1.6981,-2.154,-0.70374,0.97947,3.2773,-1.1601,-1.8055
-0.59808,-1.334,0.88428,-0.36742,1.8621,0.18415,-0.82065
-0.96029,2.2938,0.0060991,1.1726,1.4617,-0.69423,-0.37557
-0.9696,0.19728,1.3009,2.1826,-1.6782,1.9684,-0.14232
-1.5175,-1.1737,0.72796,-0.14874,2.9571,-1.7156,-0.88364
-0.60402,-1.7347,1.4598,-1.2235,3.3413,-1.3669,0.72304
-2.024,2.7562,0.060614,1.7768,0.21416,-1.4022,0.83853
1.7598,-0.98798,-0.59463,-1.7928,1.8026,-1.4622,0.39819
-1.5481,-2.4992,-2.2717,-0.23486,1.2892,0.72786,4.7429
1.1138,-1.5485,0.60843,0.24235,0.49291,0.19621,-2.5698
-1.2576,2.5542,-0.17095,1.4081,-0.24899,-1.5596,0.20483
-1.0051,0.36268,1.8049,-1.1805,-0.034731,-1.2511,2.2973
-2.2571,-0.47368,0.56583,2.9292,-2.3041,1.7946,2.3922
-0.26938,-2.2003,-3.3362,0.74111,3.3127,0.37056,1.8029
-2.0134,-0.81188,0.99018,0.065068,-0.8233,4.3767,0.96401
-1.3667,-0.90069,-1.3497,-0.71084,2.0491,3.1543,0.95411
-0.30728,2.123,-1.7622,0.83516,-0.37688,2.5681,-2.2828
-0.25535,0.15798,-0.76945,1.421,2.3674,-2.6902,-0.93389
-1.5077,-1.0681,-1.7342,0.1621,3.5656,0.2436,1.7064
-1.2821,2.2064,-1.8285,1.3735,2.8455,-1.5372,-1.7776
3.3527,0.99556,-1.1076,-0.58761,-0.81357,-2.651,-1.9515
-1.432,-2.3762,-1.7928,-0.56066,1.7214,0.7035,3.4446
-1.0636,1.7703,2.0285,-0.40968,-1.519,-1.5569,0.55781
-0.46856,-0.51169,-0.23745,-2.9063,1.6633,0.44738,-0.77814
2.9768,-0.86185,0.60426,0.74133,0.27259,-2.0321,-2.0995
-1.3564,-1.3126,-1.2844,0.22636,1.0409,1.6156,1.2482
-0.7673,1.8626,2.8153,0.13999,-2.6494,-0.17813,-0.44113
2.7775,-0.6848,-2.1548,-1.9528,3.7294,-1.4053,-1.5195
-0.85761,2.4338,1.9625,-0.17424,-2.595,-1.2805,1.1125
-0.057923,0.38212,-0.029592,-2.3378,1.3275,0.4293,-2.2934
-0.70351,-0.56713,-0.77801,-1.1295,0.8237,0.85248,0.096123
-0.89883,0.12104,3.0604,-2.2323,1.4534,-0.67396,1.4514
1.1835,-0.1159,-2.8392,1.7336,-1.6462,0.80519,-1.3085
0.12465,0.54538,1.1752,-0.048899,-3.9683,0.18995,1.4654
1.6226,0.20091,-0.023372,-1.0597,-0.13692,-1.6527,-2.7714
1.7331,-0.37882,-1.6491,2.3351,1.3981,-2.8625,0.32963
2.8723,-3.2154,0.81731,0.55591,-1.0042,1.2566,-1.9159
0.71939,-0.46937,0.08371,-2.5792,3.4306,-3.0984,0.42289
1.948,-0.80154,1.6626,-4.2334,-1.8755,1.4678,-1.5042
-1.1871,1.0999,-1.3348,2.7796,1.8467,-0.85058,-0.74704
-0.69714,2.9357,2.2015,-0.55095,-1.6864,-1.3897,1.1069
-0.71961,0.63967,-1.4872,0.5156,0.48415,-1.0001,0.88322
-0.49644,0.10834,-2.7201,0.38945,2.6682,0.39949,-0.23492
-0.49811,1.6575,2.9819,-2.5044,-0.58963,-0.21347,-3.7362
0.9735,0.93256,0.002252,-0.43951,-0.038656,-2.5709,-1.7097
0.44831,2.216,1.7437,-1.8915,-3.2551,0.45646,1.2505
-2.0163,3.8475,2.4175,1.4533,-0.37557,-0.21925,-1.1827
-1.6743,-0.7104,0.14822,1.2462,0.86192,-0.099074,1.3964
-2.106,1.9205,2.8806,0.48558,-1.4288,1.4756,0.11172
-1.6002,1.4077,1.7692,-1.2374,-1.0077,-0.47457,-0.031258
-0.17011,-1.792,-3.0808,0.36207,2.792,1.4939,-0.10076
-1.3815,0.34191,2.9741,-1.7181,1.467,-0.78274,-2.2465
-0.36903,-2.1402,-1.4115,0.092065,2.8731,-0.87339,1.6308
2.483,-2.1911,1.2396,-0.59929,-1.8178,0.98929,2.4528
-2.6908,3.9476,-0.93615,3.8164,1.8676,-0.76924,-1.5026
0.70235,-0.67072,-2.1475,1.1732,0.32151,0.83493,-1.3249
-0.55952,2.5843,-0.14418,2.208,-2.3896,0.18146,-1.7303
-1.787,-0.46853,-1.3162,0.14211,3.0372,-1.1414,2.4446
0.43794,0.30772,-3.0654,-0.73933,-0.93687,-0.31243,3.5774
-0.43884,-0.65849,0.32584,0.43927,-1.0045,3.8644,-0.82542
-0.88909,-2.438,1.0937,-0.38519,3.1546,-0.069263,1.2456
-0.014939,-1.8072,-1.0907,-1.9097,1.2605,1.4437,0.92431
-0.68994,3.8571,2.7572,-1.2251,-0.31118,-0.035867,-2.1403
3.0656,-1.5505,0.41562,-1.8286,-1.054,0.93499,0.014385
-1.3511,-1.2057,-0.37983,-0.68348,0.5843,4.9262,2.1242
-1.4949,1.7279,1.2563,-1.4963,-0.91529,-0.22504,1.5944
-1.8468,-2.1937,-0.62807,-0.1728,1.6786,0.40316,3.6649
-1.0277,-2.8392,-0.086464,-0.73506,1.2811,1.2038,1.9593
-1.8052,1.7913,2.0299,0.082101,-0.62671,0.2112,-2.8532
0.62343,0.773,-0.4071,-1.1459,-1.0853,-0.408,0.34288
2.037,-2.793,-1.2563,0.53685,0.29758,-1.6292,2.4139
2.7263,-1.9067,1.4901,-3.1156,-0.7514,-0.61074,-2.198
-1.0869,-1.3312,0.064895,2.0448,-0.21322,1.113,0.68629
1.9703,0.11183,-0.17417,-1.5116,-0.033482,-2.4807,0.89656
-1.7545,-0.92611,-1.8006,-1.0893,3.8303,-0.84792,2.1634
0.36241,-0.23859,0.79501,-1.0283,0.033031,-1.0444,-1.2605
-2.0675,0.66051,1.1504,-1.803,0.18326,2.1878,-0.34983
1.7399,-2.377,1.2467,0.51011,-0.68969,0.1312,-2.5599
0.38966,-0.76309,1.2383,2.5883,-3.3584,-1.0034,-1.0417
0.45116,-0.67232,-1.054,0.55889,2.3871,-1.039,0.62086
-2.6439,0.70196,0.4218,0.82693,-0.8016,3.566,-0.37677
3.5596,-2.6412,1.2814,-2.7665,-0.84814,0.26677,-2.064
-1.3541,-0.3612,4.073,-0.87657,1.6189,-1.5321,-1.3314
2.8869,-1.6154,1.8443,-3.3407,-1.0329,0.29749,-2.4981
3.5554,-2.453,1.1395,-3.1137,-0.058915,-0.00063786,-1.4169
-1.5918,2.4116,-0.81022,-0.51785,-0.056545,-1.4403,1.3706
-1.7477,-0.03682,2.6604,-0.75426,0.76521,-0.35162,2.3126
0.74275,0.25451,1.8664,-1.0785,0.51008,-1.1803,-3.0573
0.31474,-1.9298,-1.9588,-1.684,0.12328,1.8913,1.2171
3.098,-0.37565,-0.21619,-0.39467,-0.98619,-0.97071,0.30177
-1.7547,0.42231,1.6126,-0.35545,0.082104,0.050194,2.4581
3.7472,-2.536,1.2373,-3.5279,-1.3022,0.96161,-1.3863
-0.89873,1.2876,2.5131,-0.86699,-2.5101,1.381,-0.71839
-1.6454,-0.099237,1.9527,-1.2853,1.2448,-0.62714,2.6313
-1.9532,-1.821,0.24886,-0.78537,2.2145,0.92605,0.93284
-3.5598,0.46732,-1.0299,1.8739,1.6621,1.2843,0.70438
-2.0055,1.256,-1.865,3.3651,0.1235,1.9546,-0.45496
-0.6419,0.55682,1.4408,-1.1814,1.484,-0.66275,0.14693
-1.3774,-2.5037,-0.069125,-2.6819,2.8322,0.55986,2.6227
2.6131,2.5303,-2.6988,-0.28363,1.4831,-3.6512,-2.8837
1.221,-3.8455,-0.47728,0.117,0.86424,-0.14969,3.3291
1.0608,-2.8935,-1.3942,-3.0961,2.4973,-0.11703,2.6662
-1.2903,-2.284,-0.27275,0.69074,2.1104,0.93269,-1.708
2.7747,-2.6077,1.4085,-3.343,-2.0713,2.816,0.026346
1.0595,1.5687,1.2332,0.85289,-0.062194,-1.6916,-4.0415
-0.80224,-0.37764,1.6263,0.33392,-0.53982,3.6432,-1.6671
0.1195,-0.47441,2.6613,-1.7577,-0.36786,2.8211,-2.2466
-1.7627,2.7023,0.30762,4.2599,-2.4559,-1.8309,0.26059
-0.84719,2.4994,-1.0319,1.8367,-2.4738,0.5726,-0.91333
-0.54708,-0.2403,-1.3319,1.6778,0.67752,1.0844,-0.4001
3.2709,-0.011684,-1.1828,-1.4651,-0.60203,-1.5529,0.11793
-3.0267,0.021314,-0.69604,1.0695,1.3045,1.9037,0.14078
0.54515,-2.2904,0.31709,-3.0347,3.1946,-0.7992,0.86488
3.1317,-0.71508,0.73299,0.79122,-0.64738,-2.6607,0.074246
-1.9499,0.85976,-1.9743,0.85161,0.75393,1.3347,2.7303
-0.69039,-1.6237,0.28342,-0.51788,2.1999,0.66952,-0.75602
0.017919,0.30511,0.70986,-1.1219,1.0317,-1.7662,-0.81632
2.442,-0.68404,0.30281,-0.97576,-2.3775,-1.8312,1.2794
-2.2229,-1.5447,-1.1859,2.7399,-1.0442,3.7477,3.4927
0.10706,-1.1999,0.25072,2.1359,-1.0932,-1.0458,-1.9496
-1.3668,-0.4028,0.62759,2.0335,-0.67336,2.5088,1.4234
-0.78136,-2.2662,-0.85101,-0.26123,0.45328,1.925,1.5951
-2.7735,0.074074,2.6156,-0.70734,0.78225,3.4209,-1.7213
2.5939,-3.0852,-1.7201,-0.11827,1.2567,-0.038874,-0.29543
1.1983,-0.72875,-0.87874,-0.60691,3.1687,-0.71363,-0.80173
-1.4023,1.5827,3.0382,-1.4938,-1.3766,1.5066,0.93732
-1.7332,-2.5015,-0.82631,-1.2158,1.9907,0.87234,3.6964
0.81626,-3.4671,-0.86032,-1.4319,0.90711,2.098,3.7373
0.91136,-1.3954,-2.2242,0.80006,2.1074,-0.013872,1.1366
-0.019268,2.6029,1.0847,0.24109,-2.5558,0.46028,-2.0886
-1.7194,-1.5252,-2.0031,-0.60017,3.2572,3.1413,3.2411
-3.0472,2.5831,-0.80874,3.0847,2.9643,-0.13897,-0.16626
2.8061,-3.3053,-0.96528,-0.59889,-0.77617,-0.52089,1.5843
-0.36091,-0.88,-1.2205,0.60552,3.4095,-2.6811,-0.59252
3.6836,-2.8086,0.75233,-1.2248,-1.5704,1.6861,0.02017
3.7058,-1.227,-2.5321,1.0373,2.497,-0.68403,-0.99446
0.67008,-2.9025,-1.615,-2.8694,2.2136,1.7856,3.2928
-0.65944,-3.6182,-0.75633,-0.77153,1.3299,4.2853,1.8752
2.3637,-1.9773,0.88051,-3.5227,-0.74227,0.016351,0.099483
-2.4004,-0.0038709,-1.6365,2.3804,0.19488,2.3082,4.1691
0.22746,1.2804,-0.33233,0.58252,-4.0499,2.6705,-0.15381
-2.1292,0.67925,-0.97142,3.7541,2.5851,-1.9436,-1.7241
1.2403,-0.20823,-1.4637,0.66315,0.39857,-3.3073,0.22901
2.1439,-1.4774,1.1287,-2.2513,0.4398,1.2927,-1.262
0.2544,0.49871,-0.41484,0.9969,-1.8115,2.4297,-1.8452
1.9582,-1.423,1.2276,-4.8086,3.0729,-1.0933,-1.7215
3.1899,0.38155,3.646,0.47939,-1.012,-2.3358,-4.4063
-1.4646,-2.4417,-0.74915,-1.9237,3.6576,-0.15801,2.9071
1.3595,-0.937,-2.5746,0.45709,2.132,-0.52668,-0.25419
-1.9565,-0.28173,1.2155,-1.8863,0.54516,1.2291,-1.8032
3.1494,-3.5263,1.331,-1.3393,-0.38285,1.4912,-1.1113
3.2138,-0.64069,0.22879,1.6754,-0.5449,-2.4809,-1.5481
-0.91209,0.36526,-0.37365,-0.50845,-1.0532,2.9006,1.4496
1.5392,-1.3101,-0.23079,-2.1665,0.6232,-0.093028,-0.072821
3.1325,-1.5425,0.85864,-4.7069,2.3967,-0.85057,-1.6063
-0.88654,-1.2261,-1.0382,-2.6651,2.4435,-2.452,1.6106
-2.305,1.1889,-1.4767,-1.1727,1.5166,2.095,3.9373
-1.2649,-0.2267,-1.3893,0.45831,-0.79725,0.86774,2.6563
-0.30376,2.5416,-0.034341,0.43009,-2.6882,-0.19263,-2.3965
-0.84997,2.5342,0.71838,1.3891,-2.1714,0.89269,-1.6505
-1.4869,-2.3466,0.81412,-0.32003,3.6361,-1.1634,0.86204
1.0219,0.42023,2.9647,-2.3966,-1.1265,1.398,-1.4906
0.082639,-0.22459,-1.2547,0.50346,-0.16005,1.7432,-1.7805
-0.017105,2.7799,2.6121,0.93252,-0.32618,-1.1455,-2.7976
-0.3151,-2.5269,0.059964,-1.3333,2.4662,1.159,0.86153
2.7818,-2.8354,0.075262,0.73489,0.53125,0.44656,-2.3208
0.14172,-0.285,-1.5076,-3.6706,3.49,0.459,-0.37367
-0.86821,0.019484,1.1644,-0.19815,-1.0122,2.5909,-1.5446
-3.0152,0.75197,1.8329,-2.1794,0.13993,1.2058,2.2124
1.1895,-0.45003,0.34903,-1.6805,3.4739,-2.7172,0.31688
0.21399,0.48125,1.9571,0.60771,1.123,-1.7656,-1.4978
-1.0272,1.5573,-2.1802,3.407,-1.537,2.2873,1.297
-0.41953,-1.3627,-2.8061,0.15301,2.7368,1.6217,0.92839
1.1027,-2.7678,-1.4594,-1.7021,2.6666,-0.1653,1.9472
0.0020494,0.58388,0.92626,-0.83301,-1.8076,-0.99774,2.0141
2.4682,-0.4155,2.1105,-1.855,-0.17702,1.2833,-2.4318
-1.159,0.85424,-0.70234,0.26327,-1.3017,0.95974,1.4637
0.90408,-2.1681,-2.4164,0.42314,3.0149,0.6167,0.51184
-0.22006,2.0853,-1.2746,0.32406,-0.30847,-1.6066,-2.4386
-1.3008,-1.4125,-1.0752,0.08703,1.0166,0.26035,2.5537
2.5436,1.1402,-0.36751,0.021691,-0.41154,-2.5104,-1.6747
0.98291,-3.5904,-0.86682,0.82208,0.50771,0.52972,1.744
-1.8123,2.0432,-2.3623,1.7937,1.8485,-1.7941,0.55176
1.9643,0.35053,-2.0819,0.25519,-0.91465,-1.7969,2.3234
2.7455,-2.4747,0.49996,0.35717,-0.40425,0.65709,-2.4719
-1.0147,1.9862,1.2761,0.17865,-0.29061,-1.1975,-0.72999
0.10236,-1.3197,-1.249,0.54846,2.5197,-2.2345,2.5476
-0.88599,-0.18777,-1.4081,0.80951,-1.4891,3.0305,2.6817
-1.1824,-2.2463,-2.6517,1.024,3.2219,-0.69181,2.6007
-0.25927,0.95622,-0.81444,0.18868,-2.5251,1.8101,-0.8392
-2.008,0.88624,0.88946,-1.5953,1.0987,-0.34324,-0.39404
0.91198,0.48847,-2.8905,1.3753,-1.3768,0.0098338,0.52331
-0.87586,0.70486,1.7631,-0.14106,-1.646,0.47914,0.99878
2.9566,-1.9589,-1.2754,-0.62272,3.1052,-0.84558,-3.1402
-0.5347,3.0882,0.0019507,0.55868,-2.0662,-1.1585,-0.1901
-1.0035,-1.7656,-2.174,-0.1607,1.0223,1.3308,3.35
-1.3283,-0.073843,2.5527,-0.057848,-0.39724,1.4832,0.098929
-0.0059967,-0.41332,-2.2125,0.5356,-1.8168,2.1725,3.409
0.80468,-1.6633,0.83046,-2.1604,-0.35435,0.10257,1.115
3.2156,-2.3311,-0.57624,-2.0333,2.7999,1.4587,-2.3609
0.73519,0.31322,-0.71732,0.88492,-1.5442,0.88736,0.99972
-0.25675,-1.4733,-2.2776,1.7938,1.5585,-0.99849,1.6335
-1.3571,-2.3845,-1.2647,-0.70408,2.8642,2.8926,2.239
0.40102,-2.0269,0.8435,-0.82926,3.3811,-1.806,-0.15901
-0.61495,0.26982,2.4315,-2.2247,0.62651,-1.4138,1.4573
-1.5009,1.64,-2.9399,1.9245,2.5483,-1.7884,0.41342
0.032703,-2.2886,-3.4685,0.46464,2.2322,0.90642,0.71947
-2.167,-0.7095,-0.98402,1.5024,1.4227,1.8694,2.9416
-1.1765,1.464,3.0561,-3.7596,0.91367,-0.2631,-2.1498
-0.92806,0.88106,2.6844,-1.6678,-1.4805,-0.27304,1.2208
-1.334,-0.9166,0.45914,-0.39855,0.737,4.3368,1.0919
-2.131,0.07452,-0.32519,0.66902,-1.0438,2.8223,0.096324
0.36202,0.074538,1.3057,-0.13674,-1.6793,-1.1884,0.84441
0.47306,0.8061,-1.1302,3.6311,-1.386,-1.5202,-1.5941
-1.2609,-0.65398,0.27381,-0.42983,2.2112,2.5089,-1.7951
-1.3868,1.1455,-0.68628,0.28657,-0.85852,-1.3028,-1.1445
-0.98112,3.1562,-0.25517,0.07979,-2.2157,-0.499,-1.4552
-2.4806,1.9361,-0.6147,1.7356,1.5175,-0.47661,0.090822
-2.5781,0.90745,-0.88681,2.5306,0.62895,-1.3429,0.37532
1.5612,-0.86054,-0.42927,-2.3518,4.2167,-0.82756,-2.0066
-3.0705,-0.76356,-0.32133,0.060693,-1.3275,-0.22256,4.1929
-1.1044,1.7361,-3.1067,0.28832,3.3807,-3.4216,0.13184
-2.0808,3.0616,1.622,0.46138,-0.28993,-2.0815,0.22235
-0.78889,-0.37495,1.3446,0.15774,-2.6025,1.6743,-2.177
0.92208,-2.1944,-1.844,-1.1221,2.1441,-1.2437,1.8499
3.1437,-2.2837,1.7003,-0.72836,-1.622,1.3214,0.47616
2.5856,-1.4526,0.79342,-2.2508,1.0816,-0.96133,-2.616
-2.0685,-0.48932,-2.038,0.30824,1.5833,1.69,4.0793
-0.79599,2.4279,0.75786,0.040332,-2.6701,-0.30049,-2.1749
-0.57321,-0.97533,-1.2281,-0.91023,2.1737,-1.4946,1.2658
-2.766,-0.39995,-0.45061,1.0562,0.50179,1.2542,1.8538
-1.8197,2.0241,0.96668,2.6958,-0.48758,-2.021,-0.80083
-1.2356,-0.51194,-0.59973,1.9612,0.51672,0.2383,1.8975
-0.26981,0.067146,-0.88319,-2.1233,3.4554,-0.79751,-0.99005
-2.398,1.9228,-0.50081,2.5339,1.241,-1.5573,0.47949
0.20519,-1.9258,-2.8296,0.54209,1.3399,2.1761,-0.74408
-1.4994,-2.8134,-2.1637,-0.63315,1.9287,2.6035,3.2764
2.5557,-1.8804,-0.48362,-1.8582,3.087,-0.25887,-0.91099
-1.8204,-2.1857,-1.8425,-1.1654,3.2475,2.3853,4.6847
-1.4507,3.4085,2.8627,-0.14703,-3.1184,-0.64165,0.37333
-2.364,1.0555,-2.6689,1.0667,2.1245,-2.4448,1.6156
-0.76054,0.1637,-0.27409,1.7314,-0.18866,0.14183,-2.7372
0.46803,-1.1872,-0.86273,0.2213,-0.031639,-0.060507,-0.7735
0.22091,1.0995,0.84363,1.051,-1.8968,1.1354,-2.4709
1.1548,-0.15305,-2.5782,0.98747,-0.43781,-1.1448,1.9172
1.8775,-0.23327,-3.3122,0.026709,0.70244,-1.2466,1.8803
2.1747,0.004748,0.73723,1.1662,-2.5978,-1.3079,0.27684
3.0383,-1.8918,1.8872,-4.1626,-2.2313,1.7849,-1.6044
-1.7997,-0.22676,-0.097151,3.0787,-0.036545,1.1979,1.5089
0.83838,-3.7223,-1.9486,-1.1279,2.5294,1.3501,3.587
2.3532,-0.83063,1.4275,-0.31958,-1.8811,0.16107,0.47762
3.2338,-2.8079,-0.78995,-1.4153,1.2303,0.80804,-2.2334
3.1136,-2.2938,0.15191,-2.0395,2.8775,0.85541,-2.2398
-1.4624,-0.19773,-1.1971,-0.85918,-1.5987,3.098,3.0041
-0.96057,-2.5286,-0.93612,1.0137,3.0982,0.13693,-0.58829
2.6552,-0.72888,2.8791,-1.8366,-1.6823,1.9685,-0.89077
-0.31496,0.26373,1.3803,-0.83617,-2.3334,0.054217,2.1591
-0.67928,2.7047,2.4761,-2.2447,-1.6251,2.1774,-1.233
3.5559,-1.8726,2.463,-4.2996,-0.97194,-0.76167,-1.9628
-0.21759,0.60857,1.2581,-0.95594,1.7409,-1.4701,0.24059
-1.8822,2.3724,-0.57979,0.94208,-1.2783,-1.2137,-0.24476
-0.080879,-0.28571,0.33452,0.50907,-0.45241,2.9171,-0.60224
2.2512,0.89089,2.5765,2.3401,-0.3278,-2.555,-3.1418
-1.4191,3.0649,1.1509,2.8073,-0.21238,1.0662,-2.6551
2.9188,-2.7049,-1.146,-1.6558,-0.3319,0.16758,0.86257
0.47383,0.36465,2.0221,-1.8853,0.19447,-2.0454,1.5239
1.147,-0.24936,-1.2497,-1.158,1.1829,-0.77636,-2.7252
-1.7233,0.74337,2.7635,-0.24555,0.4324,-0.55221,0.79331
2.0934,-2.7323,-1.2294,-0.33809,0.61248,0.9966,2.0191
-2.4576,0.11341,-0.96548,3.0362,-1.1662,2.3361,1.0847
3.8191,-2.324,0.93957,-2.8303,-1.7569,0.16128,-1.35
-1.5417,4.0807,0.97927,1.2677,-0.014554,-2.0044,-1.2832
2.1961,-1.7361,0.5606,-2.264,3.2334,-0.089139,-1.2235
-1.3996,-1.8651,-0.95499,-1.1165,2.6788,-0.93766,2.5136
-1.3883,1.1786,-0.062887,1.1468,1.5263,-0.52408,0.40867
-0.1251,-3.0587,0.31866,-1.9173,3.5149,0.61314,-1.5954
-1.5788,3.0974,0.20629,3.4909,-0.85899,1.0601,-1.5104
-1.633,0.97447,2.5836,-1.1323,1.8442,-0.48222,-0.46526
-1.525,0.7269,1.4311,-2.3304,0.85478,-0.47373,0.15868
-1.0487,-0.79864,-1.0493,1.3865,0.77791,-0.33531,0.17683
2.0424,0.70774,-0.86503,3.2497,-1.6478,-1.5163,-1.188
3.6389,-2.6611,0.27107,-3.0896,-0.77326,0.92022,-2.1989
-1.6472,3.1502,-1.9052,3.3679,-0.071836,-1.0063,0.48561
0.11894,0.39527,3.2241,-1.7743,-0.7597,1.5916,-1.6569
-1.9175,0.3993,2.8415,-1.5878,1.4801,-0.29644,2.0338
0.5667,1.1034,0.64514,-0.97224,-0.29354,-0.92192,0.63738
-1.4812,-2.5347,-0.80422,-1.7927,2.8557,-0.12588,2.1149
-1.4879,-1.504,-0.72269,0.37781,0.38042,1.4186,1.0134
-0.8461,-2.459,-0.75475,-1.8578,3.5828,0.61841,-0.84313
1.6586,-2.1501,0.037635,0.0037336,-0.39164,0.77669,-1.5116
-2.4274,2.607,-1.1765,0.23773,-0.75406,-1.2246,2.4121
0.8491,-2.6375,-0.81029,-0.77381,2.4285,-0.83212,0.55851
-0.76978,-1.9375,-1.5893,-0.90369,3.9592,-1.5301,1.4371
0.56971,1.1819,-1.445,0.073063,0.63124,-2.1462,-1.644
0.29382,-0.85019,-1.3614,0.47841,0.56238,1.4393,-1.0839
0.069678,-1.6693,-2.5386,1.5978,1.5014,1.515,-1.2256
-1.4294,-2.0831,0.4932,0.50186,2.3477,0.018769,2.6755
-0.80337,1.739,1.4057,0.17084,-3.5352,-0.14309,1.5114
-2.2551,2.6451,1.4032,0.85197,0.3644,2.1714,-3.6903
-1.5046,-1.3277,-1.073,0.37906,1.196,-0.43247,2.9381
-0.85369,1.0124,-1.8803,3.1511,1.6284,-2.1922,-0.82396
-0.86823,2.737,0.21789,1.0168,0.19492,0.72258,-3.2324
0.93333,-2.2504,1.1244,-0.35058,-2.3089,0.074656,0.47009
-2.6119,1.6484,-1.1891,4.6012,1.1442,0.5547,-0.84867
2.8361,-1.5577,-0.15376,-1.0212,-1.2508,-1.0599,-0.23444
0.99237,1.5997,1.3484,1.5057,-2.5516,0.65078,0.3301
-2.6607,1.1689,2.2586,-2.1945,1.1628,-0.84364,0.33402
2.1524,-2.1804,-0.81708,1.5884,0.92725,-1.1088,0.29503
-1.4706,2.4117,2.2917,0.69964,-1.91,-0.73598,-0.76732
2.9382,-2.6003,-1.0951,-2.4681,1.7148,0.32864,-1.1148
-0.16787,2.4225,1.8564,-0.57493,-1.2791,-0.52784,-0.66523
1.9597,-1.6281,-0.20021,-4.7481,2.6389,0.11488,-0.17027
-1.5469,2.4438,1.9311,-1.0027,-1.5152,-0.84754,2.3452
1.8246,-0.71789,-1.0835,-1.1163,-1.0905,-1.1883,2.1398
-1.5072,-0.12308,0.68438,1.0987,-1.065,3.7379,-1.0715
-1.5044,-3.4227,-1.9239,-1.1704,3.4031,3.992,1.6353
-0.78726,-3.7437,-0.68151,-0.88953,3.3913,2.0395,-0.43636
1.2633,4.0103,-0.63453,-0.34765,-1.6769,-3.4763,-0.32181
-0.57327,-2.5449,-2.0826,0.86356,3.6876,-0.28206,1.6492
2.8591,-2.305,-0.63268,-3.1705,1.3428,-0.091398,0.14071
-0.89515,0.14042,-1.4115,4.3497,-0.89396,2.3196,0.82137
0.67064,-0.59441,1.2926,-2.0774,-2.3768,0.66709,-1.422
0.08215,0.90626,3.0764,-2.4886,-0.51167,1.8714,-2.2298
-0.91824,1.1503,1.6563,-1.2529,-1.3861,-1.054,1.236
-1.3895,-0.26397,0.33158,0.41297,-1.015,3.7737,1.5577
-1.1344,3.2559,-2.1043,-0.76711,0.63892,-2.9252,0.72355
-0.078955,1.2055,0.8712,1.407,-1.1551,0.78822,-3.2974
3.3046,-1.5288,1.6323,-5.3349,-1.106,0.21225,-0.14617
0.92581,-0.049711,1.1191,-0.58618,-1.6342,-1.5514,1.2844
1.3603,-2.5334,-2.6421,-1.4728,1.5184,2.4188,2.0411
0.17493,-2.7947,-0.46093,-2.4362,2.277,2.6631,2.0481
-2.4982,0.2588,1.2733,-0.64285,0.33641,3.9407,-1.1351
-2.4743,3.8005,-0.36539,2.5178,-0.54398,0.4602,0.83523
1.3723,2.3828,-0.1579,-0.01365,-2.1313,-1.8823,-0.62393
-1.6123,1.134,4.151,-0.91222,-1.1368,1.4111,0.51471
-0.52138,-2.4767,0.30215,-1.6154,2.4926,3.2803,0.1988
3.2134,0.45738,-1.0488,1.2923,2.3738,-4.2723,-3.7894
-2.0794,0.93728,-1.2782,1.4009,-0.85225,1.1863,0.86844
-0.41721,0.4794,1.5272,0.54648,-3.8376,0.18083,2.0167
-0.45427,-1.2794,-1.6492,1.2118,-0.11904,3.6714,2.8936
-1.8999,1.0065,1.7624,-1.7083,2.0024,-0.33782,0.46739
0.3203,-1.0878,0.62553,-0.37347,1.3856,0.0082684,-1.6328
-1.5053,-1.6989,-0.035362,-0.6559,1.4339,0.69847,1.3538
2.26,-1.3759,0.92982,-2.8576,0.66208,-2.807,-1.4758
3.2878,-0.013244,0.33465,0.31616,-0.65652,-2.1159,-3.1375
1.686,-0.072659,-2.3809,-1.076,2.0107,-2.3891,0.57924
0.53125,-1.6213,-0.89671,0.038689,1.8886,-1.0192,2.2302
-1.1924,0.83487,-0.16809,1.3319,-1.7769,1.0007,-0.43414
-1.9582,0.41263,-1.9325,1.462,2.6867,-1.1496,1.4025
3.6281,-2.0136,1.1457,-4.4181,-0.0082458,1.1046,-2.714
2.9885,-1.3796,0.23983,-1.9753,-1.1478,-0.8872,-0.053436
3.008,-1.9145,1.1127,-4.5375,-1.5144,2.2963,-1.8649
0.32775,0.9362,-0.36688,1.8978,-1.5489,0.68085,-2.4513
-1.5786,3.0757,2.3155,0.15267,-0.70492,-1.1831,-1.4544
3.0003,-0.44722,1.8434,-1.5637,-1.8947,-2.779,0.89239
-0.2911,-0.86614,-2.6664,1.6783,0.55719,2.7,2.8374
-2.4631,1.2736,2.0189,-2.0135,1.3399,0.19775,-0.71375
-1.9006,4.3846,1.7598,3.2838,-0.34197,-0.46581,-1.0752
0.28274,-0.067666,-1.451,-0.11479,-3.6384,2.7078,-0.59248
-3.346,0.74239,-0.80596,2.5089,2.2084,1.8455,-0.22555
-1.6063,-0.16634,-1.4011,4.1743,-2.3994,2.3292,0.63788
1.754,-1.1503,-0.53498,-2.6854,1.353,0.21118,-0.48306
-1.8288,0.60564,2.2284,-2.5949,1.4978,1.4372,-2.3489
-0.30951,3.6878,0.29095,1.1054,-1.5729,-0.48373,-1.4389
-1.0938,-0.033961,0.94352,0.55702,-1.2228,3.2479,-1.2484
0.24845,-1.8454,-0.20492,-0.57482,2.2411,1.0489,-0.3082
3.4032,-2.2572,1.3976,-0.56274,-0.13937,-0.82547,-2.3931
-1.7759,3.0183,2.0066,2.043,-1.8654,-1.4254,-2.1466
2.8901,-1.0827,1.0738,-0.79928,-0.89025,-1.2565,1.3278
-1.0757,1.5618,-1.9113,3.1933,-0.85943,2.1273,0.094899
0.38025,3.6865,0.88324,0.0044141,-1.7017,-0.96966,-0.69141
0.81935,-1.0299,-1.3526,-0.89418,-1.0818,-0.49831,3.6976
-0.26546,0.71982,-1.1588,-1.716,0.96437,-0.034087,-1.3148
-0.15664,1.5257,0.61683,-0.66414,-4.0008,1.307,-0.7322
-0.57007,-0.24841,0.66294,-1.8337,0.66731,1.4511,-0.89516
-1.6056,2.0316,1.9982,-0.14052,-0.55481,-0.91231,-1.2346
-0.060409,-0.49292,0.032799,-1.5236,3.7087,-2.3585,0.15911
2.9854,0.032711,-1.3601,0.54017,-0.53446,-2.9543,0.73011
-2.0222,0.71828,-0.87463,-0.46462,1.1953,2.5611,2.6551
3.1469,-0.75833,-0.90154,0.78358,-1.9613,-1.5233,0.62078
2.788,0.93654,-1.5363,-0.022094,0.42162,-2.7248,-1.2075
-0.72557,-1.578,-2.9866,-0.10048,2.3145,2.1388,0.46307
-1.4582,0.12422,0.7616,-1.8965,-0.094555,1.1163,-1.6489
-0.77968,0.60684,-2.7299,4.0499,-0.68509,1.4447,-0.33902
-0.076433,-2.9868,-1.9648,-1.1522,3.5807,2.176,0.059392
0.0091538,-1.6606,1.1467,1.5085,-0.26248,0.51495,-1.5897
-0.922,-3.0322,-0.69203,-0.07845,2.7111,1.7151,-1.4476
2.6016,0.15391,1.1183,1.2934,0.094264,-2.0301,-3.5229
-0.88851,-1.8574,0.73892,-0.86904,2.1628,1.2931,-2.1859
-0.27043,-2.2962,0.32139,-3.4183,3.0575,0.97314,-1.1717
-0.051087,-0.87272,-2.3731,-1.7311,2.2071,0.10375,1.1167
-0.6487,-0.72294,-0.48478,-1.9071,2.3292,1.2626,-0.93069
3.7005,-1.8847,-0.14312,-2.5772,-1.1803,-0.45688,-1.3836
-0.15651,2.5955,0.27974,1.3621,-2.7231,0.73836,-1.0804
-0.073814,3.1665,0.39735,0.27185,-1.7571,-0.35559,0.61118
-1.3119,0.94444,4.7258,-0.87251,-0.85701,1.3231,-1.3707
3.3961,-1.8027,0.54121,-4.6056,0.89987,-0.50902,-2.2384
3.3517,-1.9467,0.7622,-0.99709,-2.4381,0.94022,-2.3644
-1.2984,0.26464,1.0443,-1.7025,1.4402,-0.53855,2.8619
-0.37836,0.46285,-1.108,-1.5372,1.0476,-0.1175,-0.99364
3.3406,-3.4165,0.97649,-0.19288,0.43776,0.78316,-2.3195
-1.8181,-0.5083,0.7376,1.6302,0.49726,-0.23246,-0.012921
1.9598,-2.2843,-1.5224,-0.91018,-1.291,0.95673,3.2844
-0.40602,-0.27812,0.24809,1.2689,-0.032909,-0.25406,0.086082
1.5833,-2.3297,-1.5061,2.0083,-1.1168,1.0107,0.52954
-0.29585,-0.15939,-2.3008,2.2982,-1.2145,2.6551,2.6493
0.12641,-1.0615,-1.4576,-0.12785,1.1481,-2.3076,1.889
3.5162,-2.5416,0.16714,0.33097,-0.11335,0.45965,-0.76578
-1.5905,3.4458,1.0749,0.65841,-1.4192,-1.1119,-2.0693
-0.3798,0.28868,-0.37493,-0.17238,0.54909,-0.95428,1.604
0.58723,-0.082576,-1.3012,0.59294,-1.4317,0.52436,2.1679
1.7786,-1.2305,2.9758,-1.5711,-2.9042,0.89753,-0.74663
3.5081,-0.32752,-2.3802,0.82424,-0.616,-1.8191,-0.2248
-0.97975,-0.70767,0.3102,0.49754,0.47651,3.7957,0.9843
-0.59931,1.5291,-2.5985,-1.0218,2.6112,-1.9612,0.28144
-1.1981,-1.7877,-1.5424,-1.549,3.8345,-0.8027,3.3281
-1.7276,-0.32069,2.0343,-0.032611,0.69903,-0.14511,2.5832
-1.7614,-3.5998,-0.38564,-0.09333,1.5345,2.3956,3.8647
-0.93931,1.454,1.0535,0.77555,-2.2616,-1.2079,0.34534
2.7045,-2.1437,1.8247,-2.8879,-1.5746,0.039723,-0.18117
-0.33888,-0.029186,-1.2327,-1.1341,0.34044,1.767,0.23422
-0.76629,2.9889,1.6223,-0.57973,-0.5443,-0.92545,-1.8379
-1.3876,0.849,-0.80549,-0.6429,-0.94007,1.1626,-0.63387
-2.1418,2.9561,1.0796,1.0288,0.030555,-1.7089,-0.058184
2.828,-0.49062,-0.35745,-2.4842,2.0146,-1.9976,-2.8864
-0.77521,0.39069,3.2267,-1.5444,0.77173,-1.7636,0.40915
-0.35653,-2.0646,0.9176,-0.18735,2.2061,1.915,-0.35952
-1.6867,-0.080364,1.5416,-0.05044,1.1586,0.12593,1.7483
-1.2431,-0.13651,0.28571,-0.67623,2.0703,-0.96535,3.4371
-2.9388,1.3032,1.5565,-1.6081,1.1585,0.40336,1.5879
-2.8221,-0.030454,0.95899,0.35512,-0.49517,0.5206,3.2516
0.32518,-0.12712,-1.0226,0.25508,0.1433,0.20609,-1.5138
3.2663,-2.3929,1.1984,-2.3971,1.9249,0.64095,-2.7907
-3.3071,-0.35248,-0.15279,1.4164,1.5579,2.5046,-0.34742
-0.6456,2.7302,1.5122,0.038346,-2.8908,0.013707,1.8959
-1.0565,1.7157,0.32406,0.58357,-2.0852,1.5849,-0.5028
0.37421,3.0103,1.5986,2.0951,-2.8955,-0.57933,-4.8654
-1.853,0.030751,-1.3057,0.91541,0.093454,3.9175,2.3627
3.3071,-1.7588,1.6273,-3.6327,3.1035,-2.1781,-1.615
2.9266,-1.2653,1.6616,-1.3731,0.39167,-1.5861,-0.80267
1.2743,-2.53,0.95003,1.4155,-1.859,1.0276,-2.2871
2.5333,-0.80194,-0.29237,-0.96266,-2.199,0.13662,-3.1911
0.040492,-1.6089,0.9889,-0.47156,1.2139,0.19158,-1.4789
-1.3342,3.0113,1.5638,0.81886,-1.9704,-0.21346,-2.1199
-1.8096,1.06,-2.0819,3.2982,-1.0282,1.9914,0.843
3.3148,-1.9228,0.85908,-4.244,0.15684,-2.4898,-0.18256
-2.7616,1.5818,-0.69594,3.4114,0.36827,1.2998,1.7054
-1.5805,-0.60294,0.10082,-0.24695,0.88695,4.0803,1.9554
0.184,2.0007,0.6209,0.052993,-1.9297,-0.92209,-0.34925
-1.4361,-1.9924,0.30202,0.4382,3.9138,-1.1436,1.1075
-1.6445,1.634,0.070366,1.7031,-0.27575,0.8133,-1.24
1.1158,1.4943,-0.54343,-0.2311,-2.0844,-1.246,-0.61813
-1.432,3.4428,2.0831,2.1898,-2.1197,-1.2187,0.095408
3.529,-2.2453,1.1835,-0.65028,-1.5641,0.20889,-0.21533
-1.1678,0.21403,0.72081,-0.041859,-0.60524,-1.8704,1.7598
3.0793,-2.7168,0.083283,-1.1584,2.7149,-0.51412,-2.4165
-0.60175,-0.19194,3.4573,-0.6037,0.60633,-0.36989,-1.5056
1.9372,-3.2258,0.64151,-1.8274,1.3377,0.63555,-1.103
-0.18243,2.6461,1.788,-0.85293,-2.4679,-0.76978,1.4897
-0.44595,0.56423,-0.046658,-0.012162,0.53205,-1.0995,0.90122
-2.3164,0.94276,0.0074841,0.33046,0.28096,0.83331,0.14643
-0.37807,1.802,1.5232,-3.4906,-0.082412,2.6986,-4.4511
1.0711,-1.6116,-0.21216,-3.5652,2.1018,0.67647,0.20692
0.45437,-0.58672,-4.0196,2.2666,0.38764,0.47592,3.4018
-1.8304,0.18996,-0.025892,1.1614,0.85255,-1.2652,1.8883
0.58063,2.6378,2.2891,1.2379,-0.022546,-2.1406,-2.5886
-2.1895,-0.3139,2.0325,0.28639,-1.4473,3.9748,1.756
-1.1017,-0.19202,-0.69131,-0.12659,-0.29468,-0.13313,-0.17365
1.8623,-2.4489,-0.93918,-3.4416,1.3374,-0.72072,2.8316
0.17148,-0.43503,0.25258,-0.84693,-0.71859,-0.061392,1.1625
2.8559,-1.9359,1.1536,-1.8953,-1.8134,1.9197,-2.7942
2.0278,1.6374,-1.044,-1.9461,1.6996,-1.7686,-0.90358
2.2358,-1.2285,0.94732,-0.056484,-0.75334,-1.3633,1.0842
1.6715,-0.69478,0.84461,-1.1047,0.12252,-1.6281,0.71451
-1.4061,-1.8559,-2.4242,0.018328,3.2304,2.1224,0.92361
3.6636,-3.1154,0.31273,-1.3223,-1.0023,1.8128,-0.67202
0.20091,1.6759,0.73071,-0.60699,-4.1809,1.0998,-0.93186
3.1289,-2.7349,-0.74143,-0.93108,0.57084,0.012207,-1.1436
0.88108,0.16436,3.2924,-1.1855,-1.9458,2.2704,-0.59519
-0.40562,-0.23841,1.2951,-0.94769,-0.024539,-0.17886,2.4185
2.3129,-1.2439,1.0907,-0.041064,-0.88239,-1.2452,0.6425
-0.84943,-1.4004,-0.81806,-1.6211,1.3536,2.6257,0.84817
1.8127,-1.104,0.45201,-3.2568,2.9222,-1.7339,-0.031849
2.4273,-2.9269,-0.70589,0.9,1.6959,0.92032,-0.80287
2.6605,-0.10463,0.11707,-1.1626,-1.3164,-0.83178,2.404
0.35636,0.91772,0.4763,0.783,-1.477,2.0731,-2.6532
-0.26941,0.59011,0.76577,-1.199,-1.6664,-0.21845,1.2779
-0.98329,0.46287,-0.21403,0.0022121,-0.51,1.0333,0.31764
-1.5058,-2.4502,-0.75341,1.0377,-0.47219,3.2362,2.8111
-1.2617,-2.0643,0.069649,-0.8049,1.1686,1.5397,2.0233
-1.4636,-1.2339,-2.1808,-0.72679,2.4438,3.1157,4.4219
2.322,-1.9932,0.72254,0.31664,-1.4897,0.030465,1.6329
0.1703,0.093216,1.1325,-0.30106,-2.8033,-0.28687,1.6397
2.3364,-0.99276,-0.78359,-0.4664,-0.18609,-0.92975,-0.59364
-1.8525,0.16705,-0.14593,-2.9096,2.4479,0.72634,0.087343
2.3983,-1.9408,1.2907,-5.3316,2.2318,-1.4955,0.52491
0.098304,0.18421,-0.78451,2.2944,-1.8188,-0.020174,0.23686
-1.8053,3.8922,1.3463,1.8258,0.4598,-1.1471,-2.7788
-2.5041,0.71274,3.4674,-1.6684,1.073,2.2715,-2.0618
0.69921,-2.3746,0.93859,2.2326,-1.6787,0.44855,-2.2218
-0.93627,1.9419,-0.03315,0.93464,-2.5533,0.44674,-1.9905
2.3316,-0.87655,0.70564,-1.6713,-1.2494,-0.3625,-1.7663
3.8814,-1.002,-1.6818,-3.1621,-1.0312,-0.82385,0.48976
-1.9072,1.713,-0.2072,-0.27158,-0.38693,-2.6243,0.60616
-0.86487,-1.4688,-0.43943,-0.76504,1.0947,0.78021,1.6836
-0.3719,-0.9459,-0.39116,-0.91367,3.7494,-1.7862,-0.035874
2.0576,-1.4583,-0.11048,-2.1329,3.3483,-2.2461,0.51916
-0.16324,-1.838,-2.0335,1.8071,-0.67876,0.3356,2.3551
-0.73194,-1.7733,-0.17747,-1.2676,1.6363,0.80084,-0.82031
-1.2684,-0.78322,1.4424,2.3979,-1.9346,2.2395,1.5575
-0.48796,0.71088,2.2346,-1.1664,-0.41501,-1.172,0.097675
3.1359,-0.32103,-1.77,-0.02096,-0.83168,-0.55367,1.226
0.23136,-0.52044,-3.2906,1.7858,-0.94369,1.059,-0.041091
0.23374,-0.24139,-2.9436,3.4767,0.4184,0.3738,1.7861
-1.2965,-1.4116,-0.023366,-2.3727,3.0312,0.68094,0.34613
-3.2549,-0.0040808,0.77457,-0.083046,-0.42812,4.6515,1.2433
-0.48957,-1.6295,-1.8949,-0.49518,0.18317,1.1041,1.9384
1.4019,-3.1044,-0.25346,-3.418,2.4351,-1.0104,2.5832
-0.8009,0.49516,2.4013,-2.6547,-0.26695,0.4078,-0.44081
3.5687,-1.6349,-0.16893,-0.026885,-0.95546,-0.64902,-1.7364
0.14171,0.7616,2.7176,0.3021,-3.1973,0.15742,-0.35788
1.3468,-1.3238,-0.86219,-3.432,2.8118,-0.63027,-0.35786
-0.79852,-0.90101,-0.46855,0.58299,1.1126,0.83799,-0.10347
0.45131,0.92229,2.9182,-1.3747,-2.5413,0.12233,0.79235
-0.13598,0.84267,1.4199,-0.12523,-3.3977,-1.0341,2.5703
-1.0722,-1.9298,-1.1306,-1.0252,2.4018,-0.46505,2.3094
-0.98592,-2.1405,-2.3421,0.3206,3.2338,0.31873,2.0034
-1.2848,1.6128,-0.46097,4.4526,-3.1415,-0.87404,0.22301
-1.219,-0.36945,-0.64227,0.68208,0.80087,0.90062,-0.82869
0.35908,0.81048,-0.19176,0.90251,-3.4736,2.2546,0.53946
-1.0347,1.2716,2.1897,-2.5918,-0.66233,-0.72467,0.8976
-0.032708,-0.079987,-1.9725,2.3832,1.4328,-2.2069,-0.10478
-0.48254,1.1482,1.6609,2.1895,-0.58462,1.2757,-4.4317
-1.4672,-0.46425,-0.27112,1.8732,0.62324,1.3502,0.7501
1.9442,-1.4154,1.4273,-0.45825,-1.3732,0.37884,1.3275
-2.0369,2.9942,-1.8649,4.0422,1.0651,-2.0362,-0.9652
-0.020854,0.71719,2.1878,-3.2689,-0.68052,-0.068012,-0.22944
2.4992,0.14582,-1.0005,1.6009,-0.7829,-0.73935,-2.2548
0.47894,0.19501,1.7804,0.2111,-2.0618,0.021041,-0.60427
0.53597,-2.1523,-0.89761,-1.4367,2.7222,0.27083,1.3975
0.94032,-1.9208,-0.34625,-2.9934,2.2414,-1.1734,1.1719
0.044152,-1.5142,0.11363,-1.4933,2.8968,-0.26045,-0.23084
0.97572,1.3328,3.1472,0.71278,-1.3317,-0.12571,-3.5463
-1.7378,0.99793,-0.50237,-0.44054,-1.7244,1.1968,2.1871
-2.8471,-1.241,-0.47868,1.0268,0.71892,2.6278,1.6507
-1.7707,-2.5196,-0.56078,-0.90311,1.4954,1.4443,4.1003
3.3086,0.045458,-0.66871,-0.99224,-1.3629,-1.7748,-0.39051
-1.1079,-0.93481,-1.7781,-0.57994,3.1864,-1.1124,2.5949
0.23708,-1.6697,-2.3011,1.0391,2.3322,-0.25019,0.021601
-0.44448,-1.3999,-1.0446,-0.98549,2.4416,-0.19047,0.47689
-2.5014,2.0896,0.58622,1.6153,0.23796,-1.2876,-0.51716
-2.1381,1.2431,2.151,-0.50089,1.4969,0.92557,-1.1813
-1.8633,1.0027,1.0554,-0.60578,0.70649,-1.753,0.73912
-0.38306,-0.68833,-1.3897,2.2009,0.3337,2.4534,-0.38631
0.2556,-1.5427,-0.47971,-2.5988,3.2513,-0.82595,0.18327
-0.89714,-0.030839,-0.24139,-1.1529,2.4653,-2.4761,-1.6583
2.3265,2.605,-1.0761,0.23611,-0.065395,-4.7956,-2.4676
-0.068645,-1.2698,-0.67357,-2.9778,3.58,-0.74683,0.62432
-1.3829,-1.112,-1.9827,2.0605,0.073486,4.0214,1.4567
-1.4004,-0.88034,-0.89731,-0.06224,1.0102,2.4217,1.4751
0.047656,-1.7402,-3.0748,1.0874,1.4098,1.7902,-0.80146
-1.5923,-2.7354,-1.1096,0.37014,2.6979,1.1602,3.8145
-0.053873,-3.0537,-2.3507,0.87419,2.4436,0.64921,1.4889
-1.3375,-1.7514,-0.68682,0.64678,1.8608,1.7016,-2.2303
0.81845,-2.0837,-2.3544,1.3766,2.7094,1.6604,0.71644
-1.7873,-0.85237,-1.8047,1.3,-1.45,2.7017,3.2376
1.7662,3.0321,0.86847,-1.8412,-1.0708,-2.4119,-1.9795
-2.026,4.6799,0.053519,4.0578,0.72816,-0.76622,-1.4663
3.3847,-1.0942,-1.6024,0.023142,-0.87704,-0.55642,0.14252
-0.64577,1.8221,1.857,-2.8039,-1.274,-1.4178,1.7636
-1.6251,1.4824,-0.20136,-1.3343,-1.985,1.573,2.7584
-2.4086,1.5085,1.5825,-0.33519,0.037996,0.15548,-1.9901
-0.79984,2.2825,2.7114,-1.2461,-3.7209,-0.8848,2.0439
1.3277,0.29326,-1.1999,-1.0411,2.0978,-2.7038,-2.0678
0.95941,-0.17719,-2.44,3.4768,-1.2278,2.2025,1.5396
3.086,-3.2776,0.69834,-0.20816,-1.3207,1.033,0.96503
2.4625,-0.12519,-0.81897,-3.2176,1.1346,-1.8156,1.293
0.51943,0.51294,-2.2288,-0.36944,-2.564,2.6991,-0.66119
0.55751,-2.1847,-1.8228,-0.98473,3.1418,1.0947,0.92111
-0.082174,-0.50376,-1.3702,0.18049,-2.1788,0.6961,3.3802
3.4712,-2.3703,1.5081,-2.7536,-2.576,1.8565,-2.0885
0.0222,-2.062,-0.69633,-3.0623,2.933,0.9845,-0.84244
2.3713,-1.4996,-0.32396,-1.2931,-0.68907,-0.60804,-1.3399
-0.67221,-1.8809,-1.9022,-1.0837,1.5445,1.2822,1.9306
1.4515,-1.1172,0.52873,-3.4381,4.0759,-3.1716,0.040549
0.99415,-3.2789,-1.1754,-0.19324,0.37353,2.0639,3.035
-0.41874,-1.0974,-2.3148,0.52145,0.084838,0.94687,0.9621
-0.83613,1.4121,1.8371,-0.016564,0.51893,1.6073,-3.3035
-1.9983,-1.0145,-1.9739,3.7269,-0.50742,3.7344,0.82788
-2.2689,1.3414,1.1267,-0.4543,0.24044,-1.4517,0.64117
2.9479,-1.7257,1.4981,-1.407,-1.7784,-0.6739,2.0477
0.46259,2.4405,0.8206,0.40921,-2.0369,-0.27763,0.17863
0.42729,-0.5118,-4.2785,1.345,0.08064,0.70249,1.9353
-0.039805,0.71063,0.57528,-1.0844,-1.5326,-0.48785,0.91243
3.6849,-1.0232,-1.8922,-0.12464,1.6837,-1.037,-2.4841
-0.36712,-0.032763,1.966,-0.79944,-3.7976,0.41937,1.7351
-0.30091,-2.9514,-0.45589,-1.1395,2.9289,-1.7448,2.022
-2.0806,0.14436,0.093532,-1.684,0.31113,4.1991,-1.4091
-0.84508,-1.0565,0.82505,0.076318,3.9094,-2.1262,0.22319
-1.1447,1.3655,-3.3648,3.5728,-1.0912,1.8073,0.57411
1.2198,-0.45718,0.14402,-4.0865,3.1817,-1.1673,-1.0187
-1.3523,-2.3401,0.69412,-1.234,1.3467,3.1156,0.89928
3.4182,-2.2509,-1.3174,-1.3147,-0.50383,1.6903,0.7528
-1.9131,1.0879,-0.84362,0.60304,-0.85108,0.98778,1.5403
-2.9209,0.072495,-0.76116,2.718,1.2381,2.114,0.43391
1.581,-0.52212,1.113,-1.8054,-0.40307,-1.2704,0.89668
-0.49577,-1.777,-3.7872,0.98999,1.0832,1.3713,1.1462
-1.2649,-2.0858,-1.7946,-0.15159,2.9139,0.13391,1.8093
1.5636,-0.50504,-0.25722,-3.1614,3.2885,-2.4105,-1.8846
1.897,-1.4614,-1.4945,0.2197,-2.318,-0.7378,0.817
1.2967,-0.80125,0.30237,-0.32401,1.4883,-0.66526,-2.335
-0.74923,0.95121,-0.73186,1.1371,-0.011381,2.1662,-0.66925
1.8653,-1.986,-1.4409,1.5804,1.3291,-1.8415,1.1146
-0.96384,1.1465,-0.31577,0.3997,-1.8519,2.8112,1.9641
-2.2084,-0.39967,1.2552,1.9306,-1.4302,3.2114,2.0827
0.1679,-0.65411,-2.0319,0.26619,-0.79577,3.339,1.0082
2.9493,-1.6592,0.48618,-0.23339,-1.7273,-0.085656,-1.7271
-0.48678,-1.3723,1.3827,-0.33869,-2.4605,1.2366,-1.7965
3.3455,-2.5531,0.67331,-3.4711,3.1356,0.66781,-1.8448
-0.48467,-2.3703,-2.2609,1.7102,2.385,1.3742,-1.4585
-1.27,0.86895,2.1674,0.31809,-0.43079,2.8802,-1.8509
-1.634,0.04853,1.4346,-0.23791,-1.457,3.433,2.3351
0.16851,-2.941,-0.06345,-2.3285,2.4729,2.8837,0.26892
0.015743,-0.79192,0.081254,-0.32601,1.5889,-0.82316,-1.8003
2.8956,-1.0343,0.39826,0.061195,-1.352,-0.77299,1.6827
-1.3758,0.57107,-0.51635,-1.1955,-0.87377,0.57527,0.5373
3.1723,1.8297,-0.48495,-0.83581,2.1266,-4.2775,-3.3939
-0.95662,1.8809,0.31173,1.4449,-2.4394,2.1871,-0.78006
0.42902,0.13471,2.1928,-1.628,-0.030009,-1.5598,2.2527
-1.5744,0.77885,-1.4374,0.83049,1.3103,2.402,-1.2721
-1.3107,-1.381,-1.994,1.2351,-0.33829,1.8398,2.944
-1.1818,0.34392,2.6193,-2.0681,1.5378,-1.5054,-0.075969
-1.0057,2.3989,0.77552,0.71137,-2.3519,-0.45833,0.82144
-0.85581,-2.0597,-1.9107,-1.7724,1.0151,1.4418,3.5191
2.165,-0.20257,1.3961,1.9494,0.26853,-2.2289,-2.6387
-0.20516,-1.5495,-1.2644,-1.0809,1.9621,-0.60527,1.1053
-1.6453,-2.3348,-0.39123,1.9717,2.2514,0.8912,1.458
0.85273,-3.2062,-1.3843,2.3027,0.96959,0.11303,0.87083
-1.1308,-1.5795,0.50451,-0.11207,0.78422,0.92015,1.1751
1.162,1.8177,-0.3568,1.9553,-2.4678,-0.7824,-2.7258
1.7461,-1.5741,-3.4097,0.82735,1.7607,0.32603,1.3245
-1.653,2.8939,1.6028,2.854,-2.3529,1.0627,-0.22016
-2.5059,1.6289,-1.9325,-1.0606,1.3465,1.7345,3.3156
1.074,-2.9371,-1.2599,-2.4071,2.6702,-0.077274,3.1385
-1.3758,1.8362,0.013924,1.9341,-2.0363,1.1868,-1.8486
-0.89785,2.2043,2.0116,0.82412,-2.0502,-1.3982,0.21416
-0.44758,0.69065,-2.2593,0.05978,0.24123,2.4877,-2.2155
0.72162,-2.185,-2.2244,-0.64024,2.9095,-0.98556,1.2877
3.1312,-2.0379,2.5193,-2.3101,2.0935,-0.81477,-2.8535
-1.5917,1.09,0.26028,-0.77057,-1.321,1.0153,-1.5546
-1.6747,1.4314,3.509,-1.0848,-0.4347,1.6807,-1.1714
-1.5367,0.92046,1.3818,2.1529,-1.8755,-0.59466,1.5316
2.9912,-2.5435,2.0303,-0.64087,-1.8437,2.073,-2.2251
2.9743,-0.60732,-1.4411,-2.1914,-0.2787,-0.62888,0.076697
-1.0415,-0.52758,-0.54075,-0.84934,1.3285,-1.2376,4.8846
3.3119,-1.2064,-0.60737,1.1026,-0.93134,-1.4281,0.48214
2.2875,-0.7786,0.34408,-1.4202,-0.4611,-0.16808,1.0151
0.4199,-1.8705,-0.99531,-0.72229,1.6647,-0.6891,-0.79199
3.8764,-1.9646,0.99944,-3.849,1.0026,0.4406,-2.6881
0.028799,-1.0094,0.69183,2.1061,-2.0087,1.9218,1.0744
0.8061,1.2439,-1.4175,-0.35841,3.6837,-2.1309,-1.3586
0.68941,2.4217,2.114,0.5973,-1.2871,-1.9881,-1.9503
0.35499,-0.075472,-1.5855,-1.7116,1.2212,-2.2587,2.4888
-1.088,-0.017284,-0.88749,-0.44876,1.1564,2.5389,-0.92111
-1.859,2.2907,0.56437,2.9581,-2.2193,0.12959,1.0097
-2.7094,2.1057,2.3929,-2.1468,0.34621,0.18765,-0.34311
0.61001,0.18169,-0.2533,2.2112,-1.6422,0.26711,-2.2618
-0.6778,3.7041,0.20259,0.25837,-2.5711,-0.89748,-2.0253
-1.7678,1.4356,1.992,-2.9651,0.27959,0.85062,-2.5234
-0.57143,1.2286,2.0475,-0.62571,-1.9029,-1.7901,1.8959
1.0416,-1.6462,-1.1002,-3.8952,3.1237,-1.6832,1.3822
3.5094,-0.13494,-0.4299,1.0537,0.40849,-3.2226,-2.533
0.21889,0.99371,-1.0647,-0.46653,-0.71331,1.7199,-2.4416
1.9429,0.61381,1.7173,1.3928,-0.4955,-1.3001,-4.4097
3.5836,-2.3645,1.5491,0.54215,-1.9749,-0.29332,0.16086
0.15681,-0.48715,-1.2857,-1.4232,1.7052,0.33679,-1.0421
2.739,-0.80089,0.56483,-1.1577,-1.8894,-0.059304,-1.2679
-0.95981,-0.34712,-1.0689,0.59943,3.4519,-2.4344,1.0953
-0.593,1.0095,1.2073,1.1651,-1.5398,-1.4304,-0.076376
-0.12413,1.0445,1.4344,-0.88256,-2.632,-0.50524,1.6704
2.4135,-1.601,1.5693,-3.802,-1.964,0.6471,-2.1021
-1.4652,-0.12919,0.6477,1.0779,-0.3265,0.35433,-0.44082
2.736,-0.89369,1.6789,0.33016,-1.7411,-0.79636,-1.8053
1.6098,1.9401,2.6286,-0.10376,-1.8759,-1.895,-1.7273
-0.31447,0.18532,2.7485,-0.022014,-1.6261,-1.0092,1.347
-0.83605,3.9935,1.0508,1.7826,-1.029,0.2141,-2.0745
-2.5403,1.1926,1.0219,-1.9313,1.9275,1.1122,-1.2429
2.2762,-2.6246,2.8394,-2.9842,1.3489,1.5162,-1.5503
2.5887,-1.1185,0.813,-0.34299,-1.825,-0.53057,-1.959
-1.9769,-1.3282,-0.47949,0.34205,0.73831,3.8111,0.71782
-0.072829,-2.8767,-1.6687,-1.4662,3.6433,2.1247,-1.2508
-2.4875,0.23104,2.5523,-0.88237,1.8071,3.2752,-2.1588
2.933,-1.0667,1.5525,-1.5047,-1.9113,-1.7802,2.6268
0.030606,-2.0048,-1.1581,-1.0681,2.9377,-2.2084,1.365
2.2309,1.758,-2.242,-1.5762,1.8367,-2.5556,-1.3188
-1.7232,-0.7977,-3.1228,0.075577,0.84809,3.2312,4.2032
